自动序号,时间段(分钟),短句话术,冷场补救,长段话术,政策口径,场景,主题/异议,是否推荐,创建时间,更新时间,标题,关键词,直播间商品序号,父记录,提问类型,提问,回答,家装建材
1,0-10,家人们晚上好，我是小苏！新来的先别急着划走，今天咱们把选灯这件事讲明白：色温怎么选、显指怎么看、安装麻不麻烦、到手价怎么算。,家人们咱们先热热场哈，灯在中文里就是“点亮、团圆、家里有光”。你家想点亮的是客厅还是卧室？公屏打【房间+面积+层高】，我马上按你家情况给你配灯，别自己硬猜。,家人们晚上好，我是小苏。新进直播间的家人先别着急走，小苏先给你一个选灯不踩坑的思路：客厅更看重通透和层次，卧室更看重舒适不刺眼，餐厅更看重显色让饭菜看着更有食欲。你把房间用途和大概面积发我，我按你家场景给你推荐，别花冤枉钱。,质保3年；平台7天无理由退换（安装后不支持）。,开场,通用,,2026/02/25,2026/02/27,开场-留人｜欢迎新进直播间,"欢迎,自我介绍,选灯思路",,,,,,
2,10-30,先别划走，小苏用30秒帮你避坑：色温不是越白越好，显指也不是越高越贵越值，关键是用在你家哪个房间、出光会不会直射刺眼。,家人们我教你一句选灯顺口溜：卧室要“暖”，客厅要“匀”，餐厨要“显色真”。你现在最怕的是刺眼还是不够亮？打在公屏，我按你家房间给你一句话解决。,家人你担心刺眼很正常。小苏给你个简单判断：卧室优先偏暖更舒服，客厅看你想清爽还是温馨；再看灯的出光方式，是不是直射眼睛。你把房间用途/层高告诉我，我按你家情况把色温和款式给你配到位，用起来舒服才是第一位。,质保3年；平台7天无理由退换（安装后不支持）。,留人,刺眼/频闪,,2026/02/25,2026/02/27,留人｜30秒避坑（色温/显指/眩光）,"留人,刺眼,眩光,色温,显指",,,,,,
3,30-90,家人我理解你觉得贵，小苏不催你冲动消费——你现在卡的就是“值不值”。咱们按你家场景和参数把账算清楚。,家人们别纠结“贵不贵”，咱换个算法：一盏灯用个5-8年，舒服不舒服每天都在用。你告诉我装哪间房、想清爽还是温馨，我把“值不值、该买哪个档”给你算明白再下单。,价格这块你犹豫很正常。小苏不跟你讲虚的：灯的差别不只是外观，更在光的舒适度、稳定性和用料做工。你告诉我装客厅还是卧室、面积多大、层高大概多少，我按你家情况给你推荐：要性价比的我给你更省的，要追求质感耐用的我把参数和3年质保给你对齐。合适再拍，不合适别勉强。,质保3年；平台7天无理由退换（安装后不支持）。,憋单,贵,,2026/02/25,2026/02/27,憋单｜贵=值不值（按场景算账）,"憋单,贵,值不值,参数,质保",,,,,,
4,90-180,这位家人眼光真到位！你选的是耐看型，装上去不是网红一阵风，是越用越舒服、越看越顺眼那种。,家人们这位家人眼光真稳！我顺便提醒一句：到手别急着装，先确认【尺寸/色温/配件】再安装，省得后面来回折腾。想我帮你核对的，拍个灯位和尺寸给我就行。,家人你这个选择很稳，小苏给你点个赞。选灯最怕只看图片不看效果，你能选到这种耐看、省心的款式，说明你更在意长期使用的舒适度。到手记得先确认尺寸和色温，不确定就拍给我，我帮你核对好再安装，省得来回折腾。,质保3年；平台7天无理由退换（安装后不支持）。,赞眼光,通用,,2026/02/25,2026/02/27,赞眼光｜选得很稳（耐看+省心）,"赞眼光,下单,夸奖,省心",,,,,,
5,180-240,家人我把规则先讲清楚：支持平台7天无理由退换，但安装后不支持。所以到手先确认尺寸/款式/色温，不确定拍给小苏我帮你核对。,家人们趁现在人少我把售后说得更明白：到货先开箱检查+通电试一下，确认没问题再安装；平台7天无理由退换，但安装后不支持。你不确定就拍给我，我先帮你确认。,售后这块你放心，小苏一直在。规则我也提前说清：平台7天无理由退换，但安装后不支持退换，所以你收到货先别急着装，先把尺寸、款式、色温确认好；需要我核对的直接拍照发我。质保是3年，后续有任何问题先联系小苏，咱们先沟通先解决，尽量不让你多跑一趟。,质保3年；平台7天无理由退换（安装后不支持）。,售后,质保,,2026/02/25,2026/02/27,售后｜退换规则先讲清（安装后不支持）,"售后,退换,7天无理由,安装后不支持,质保3年",,,,,,
6,0-10,家人们好，我是小苏！新来的别划走，回我三句话：装哪间房、面积多大、层高多少？我直接给你配灯+色温。,家人们直播间安静得像图书馆，那我来个小互动：你家层高是2米6左右还是更高？公屏打【2.6/2.8/3.0】我就告诉你更适合吸顶还是吊灯，选错真的容易压层高。,家人们好，我是小苏。刚进来的家人先别走，选灯别靠“看着好看”——最关键就三点：房间用途、面积、层高。你把这三样打在公屏，我就能把你适合吸顶还是吊灯、色温偏暖还是偏白、亮度大概怎么选给你讲明白，省你做功课也少踩坑。,质保3年；平台7天无理由退换（安装后不支持）。,开场,通用,0,2026/02/25,2026/03/02,开场｜三问快速分流（新开场白）,"开场,留人,三问,房间,面积,层高,快速匹配",,,,,,
7,0-10,新来的家人我先交代一下流程：咱们这场4小时，小苏先讲选灯避坑，再讲爆款对比，最后做一轮回购福利，不懂就直接问。,家人们我再把节奏说一遍，别走丢：先讲避坑→再讲不同灯型怎么选→最后复盘最划算组合。你现在最想听哪一类？公屏打【吸顶/吊灯/筒射/台灯】，我先讲你们最关心的。,家人们我先把这4小时怎么逛直播间讲清楚：前10分钟小苏把色温、显指、眩光这些关键点讲明白；中段我们按吸顶/吊灯/筒射/台灯一类类过，边讲边给你对比；最后我会把今天最划算的组合再复盘一遍。你现在最关心的是哪块：价格、安装，还是怕刺眼？打在公屏我优先解答。,质保3年；平台7天无理由退换（安装后不支持）。,开场,通用,0,2026/02/26,2026/02/27,开场｜直播流程预告（4小时节奏）,"流程,4小时,福利,提问",,,,,,
8,0-10,新来的家人小苏先把售后说在前：质保3年，平台7天无理由退换，但安装后不支持，咱们先确认再安装更省心。,家人们先把安全感给到：质保3年；平台7天无理由退换，但安装后不支持。所以下单后到手先确认再装，别着急。要我帮你核对型号/尺寸的，拍图发我就行。,家人们我先把最关键的售后口径说清楚，让你买得安心：我们这边是3年质保；平台支持7天无理由退换，但安装后不支持退换。所以你收到货先别急着装，先确认尺寸/款式/色温，不确定拍给小苏我帮你核对好再装，省得来回折腾。,质保3年；平台7天无理由退换（安装后不支持）。,开场,质保,0,2026/02/26,2026/03/02,开场｜先把售后说在前（安心）,"开场,售后,质保,退换,安心",,,,,,
9,10-30,新来的家人先别走，小苏只问你三件事：装哪间房、面积多大、层高多少？你回我一句，我直接给你合适的灯和色温。,家人们别潜水，给我三句话就能配灯：装哪间房？多大面积？层高多少？你回我这三样，我直接告诉你选什么灯型、色温怎么配，省你做功课。,家人你刚进来别急着划走，小苏帮你省时间：你告诉我1）客厅/卧室/餐厅/书房；2）大概面积；3）层高，三句话我就能把你该选吸顶还是吊灯、要多亮、色温选多少给你说明白。你不想研究参数也没关系，小苏按你家情况给你配。,质保3年；平台7天无理由退换（安装后不支持）。,留人,通用,0,2026/02/26,2026/03/02,留人｜新进先问三件事（快速对号入座）,"留人,新进,三问,面积,层高,房间",,,,,,
10,30-90,家人你要是卡在安装，小苏把话说透：先拍你家原灯/孔位，我判断要不要电工、难不难，别你自己瞎猜。,家人们安装这块别自己吓自己：大多数换灯就是对孔位对线色（一定断电，最好找电工）。你拍一下原灯底座/孔距，我先帮你判断难不难、要不要加固，心里有数再拍。,安装麻烦这个顾虑很正常。小苏不让你盲拍：你拍一下原灯位置/天花，换灯一般就是对孔位对线色，吸顶和大部分吊灯都不复杂；筒射主要看开孔尺寸。你担心额外费用，我也提前跟你算：要不要电工、要不要改孔，我先给你判断清楚，你确认能接受再下单，省得后面麻烦。,质保3年；平台7天无理由退换（安装后不支持）。,憋单,安装麻烦,0,2026/02/26,2026/03/02,憋单｜安装麻烦？先把成本和流程讲透,"憋单,安装,电工,孔位,换灯",,,,,,
11,30-90,家人你卡在刺眼/频闪，小苏不跟你嘴硬：先按房间定色温，再看出光是不是直射，舒服了你再拍。,家人们怕刺眼我理解，你记住：不是越亮越好，关键看出光有没有直射眼睛。你坐沙发/躺床会不会晃？把房间用途发我，我教你怎么选“亮但不刺”的。,你担心刺眼/频闪是对的。小苏先把选择顺序给你：第一步按房间用途定色温（卧室更偏暖舒服、客厅看你想清爽还是温馨）；第二步看出光方式，尽量避免直射眼睛。至于频闪，我不做绝对承诺，你到手觉得不舒服，7天内按平台规则走；但你放心，小苏会先帮你把参数和使用场景匹配好，尽量一次选对。,质保3年；平台7天无理由退换（安装后不支持）。,憋单,刺眼/频闪,0,2026/02/26,2026/03/02,憋单｜刺眼/频闪担心？先按房间定色温,"憋单,刺眼,频闪,色温,眩光",,,,,,
12,90-180,眼光真好！你选的这类灯更耐看也更百搭。你家层高大概多少？我顺便教你吸顶和吊灯怎么选更合适。,家人们这位家人选得稳，我顺手给你一句：层高偏低优先吸顶，层高够想要氛围再上吊灯。你把层高+餐桌/客厅尺寸打出来，我把“能不能吊、吊多长”讲明白。,家人你这个选择很稳，眼光在线。小苏顺便给你一个选法：层高偏低更建议吸顶，整体更利落；层高够、想要氛围感可以选吊灯。你把层高和餐桌/客厅尺寸告诉我，我把尺寸、下吊高度这些给你算一下，装出来才会好看又不压层高。,质保3年；平台7天无理由退换（安装后不支持）。,赞眼光,通用,0,2026/02/26,2026/02/27,赞眼光｜吸顶/吊灯怎么选（顺手转讲解）,"赞眼光,转讲解,吸顶,吊灯,层高",,,,,,
13,180-240,家人记住：安装前先做三件事——对尺寸、对款式、对色温；不确定就拍给小苏确认，装了就不支持无理由退换了。,家人们安装前一定做这3步：对尺寸、对色温、对配件；通电试一下再决定装不装。因为平台7天无理由退换，但安装后不支持。拍照发我，我也能帮你一起核对。,小苏再强调一次，为了不让你售后麻烦：平台是7天无理由退换，但安装后不支持。所以你收到货先别急着装，先把尺寸、款式、色温确认好；通电试一下看是否满足你的需求；有任何疑问拍照/视频发我，我帮你核对清楚再安装。这样你最省心。,质保3年；平台7天无理由退换（安装后不支持）。,售后,通用,0,2026/02/26,2026/03/02,售后｜安装前必做3件事（避免无法退换）,"售后,安装前,检查,退换,安装后不支持",,,,,,
14,0-10,家人们下午好，我是小苏！新来的先别划走，今天这场把选灯最容易踩坑的点讲透：色温怎么选、显指怎么看、装起来麻不麻烦。,家人们我给你们来个“灯光小常识”：同一盏灯在白墙和灰墙下，看起来色温会不一样。你家墙面偏白还是偏灰？公屏打一下，我给你更准的色温建议。,家人们下午好，我是小苏。刚进直播间的家人先别划走，选灯别靠感觉乱买——先看房间用途（客厅/卧室/餐厅），再定色温（想清爽还是温馨），最后看出光方式避免直射刺眼。你把房间+面积+层高发我，我按你家情况给你配，省钱又省心。,质保3年；平台7天无理由退换（安装后不支持）。,开场,通用,,2026/02/26,2026/02/27,开场｜欢迎新进+一句话定位,"欢迎,自我介绍,选灯避坑,评论互动",,,,,,
15,收尾-结束前5分钟,家人们今天先到这儿！没下单的先别急，点个关注/收藏不迷路——下次直播我专门讲【客厅/卧室】怎么配光、色温怎么选，更省心。,家人们收尾前来个轻松的：灯火在中国人心里就是“家”和“暖”。没下单的先别急，点个关注/收藏不迷路；你把房间+面积+层高留在评论，下次我按你家的情况优先讲。,家人们感谢今天一路陪着小苏的家人。今天我们把选灯最关键的几个点（房间用途、色温、出光方式、安装注意）都讲到了，没来得及问的家人也别着急，先点个关注/收藏，回放你随时能看。下次直播我会重点做两件事：1）按客厅/卧室/餐厅把常见搭配和避坑再系统讲一遍；2）把大家最常问的“刺眼/安装/值不值”集中答疑。你想让我先讲哪一块？打在公屏，我下次优先安排。,质保3年；平台7天无理由退换（安装后不支持）。,结尾,通用,,2026/02/26,2026/02/27,结尾｜下次直播预告+关注提醒,"结尾,预告,下次直播,关注,收藏,回放",,,,,,
16,0-10,家人们好，我是小苏！新来的别划走，回我三句话：装哪间房、面积多大、层高多少？我直接给你配灯+色温。,家人们我看你们都不说话，那我直接发问：你现在选灯最卡的是【刺眼/安装/价格】哪一个？公屏打1/2/3，我就按你选的点往下讲，别让你白蹲。,家人们好，我是小苏。刚进直播间的家人先别划走，选灯别靠感觉乱买——先看房间用途（客厅/卧室/餐厅），再定色温（想清爽还是温馨），最后看出光方式避免直射刺眼。你把房间+面积+层高发我，我按你家情况给你配，省钱又省心。,质保3年；平台7天无理由退换（安装后不支持）。,开场,欢迎+关注,,2026/02/26,2026/02/27,开场｜欢迎+关注,"开场,欢迎,关注,新进,三问",,,,,,
17,0-10,家人们好，我是小苏！新来的别划走，回我三句话：装哪间房、面积多大、层高多少？我直接给你配灯+色温。,家人们再来一次“三问配灯”：房间？面积？层高？你把这三样打出来，我就能把灯型和色温给你配到位。不会选没关系，你只管说需求。,家人们好，我是小苏。刚进直播间的家人先别划走，选灯别靠感觉乱买——先看房间用途（客厅/卧室/餐厅），再定色温（想清爽还是温馨），最后看出光方式避免直射刺眼。你把房间+面积+层高发我，我按你家情况给你配，省钱又省心。,质保3年；平台7天无理由退换（安装后不支持）。,开场,三问快速分流,,2026/02/26,2026/02/27,开场｜三问快速分流,"开场,留人,三问,房间,面积,层高,快速匹配",,,,,,
18,0-10,家人们好，我是小苏！先别划走，我给你3分钟讲清楚：色温怎么选、显指怎么看、安装要注意什么。,家人们我给你一个30秒避坑：卧室别太白容易累，客厅别太黄容易闷，餐厨显色别太低颜色发灰。你告诉我装哪间房，我直接给你推荐最合适的色温范围。,家人们好，我是小苏。今天这场不讲虚的，只讲你买灯最怕踩的坑，看完你就知道怎么选。卧室偏暖更舒服、客厅偏白更清爽、餐厨显色要高，这些都是最关键的点。你把房间用途和大概面积发我，我按你家情况给你配，省你做功课。,质保3年；平台7天无理由退换（安装后不支持）。,开场,30秒避坑承诺,,2026/02/26,2026/02/27,开场｜30秒避坑承诺,"开场,留人,30秒,避坑承诺,色温,显指",,,,,,
19,0-10,家人们好，我是小苏！先点关注不迷路，今天我边讲避坑边给你算最省心的搭配。,家人们现在我把福利说清楚：想要我这套“选灯避坑表”的，公屏打【清单】。想直接省事的，打【房间+面积+层高】，我边讲边帮你配。,家人们好，我是小苏。新来的先点个关注不迷路，今天这场我先按客厅/卧室/餐厅帮你把选灯思路讲清楚，再做一轮回购福利。没来得及问的家人别着急，回放你随时能看，有什么问题打在公屏我下次优先解答。,质保3年；平台7天无理由退换（安装后不支持）。,开场,福利引导+节奏预告,,2026/02/26,2026/02/27,开场｜福利引导+节奏预告,"开场,留人,福利引导,节奏预告,回放,关注",,,,,,
20,0-10,家人们好，我是小苏！今天不讲虚的，只讲你买灯最怕踩的坑，看完你就知道怎么选。,家人们互动一下：你家更喜欢“清爽白”还是“温馨暖”？公屏打【清爽/温馨】，我顺便把客厅卧室怎么配色温讲清楚，听完你就不纠结了。,家人们好，我是小苏。今天我们先按房间用途把色温、显指、出光方式讲透。你把客厅/卧室/餐厅、面积、层高发我，我按你家情况给你配，省钱又省心。新来的家人先别划走，有问题打在公屏，小苏优先回答。,质保3年；平台7天无理由退换（安装后不支持）。,开场,留人+引导提问,,2026/02/26,2026/02/27,开场｜留人+引导提问,"开场,留人,引导提问,互动,场景,户型",,,,,,
21,0-10,家人们好，我是小苏！今天我先按客厅/卧室/餐厅帮你把选灯思路先讲清楚。,家人们我给你们一个词的寓意：‘明’=日月同辉。家里想要“明而不刺”，就看出光方式和色温。你家是客厅还是卧室？打出来我给你一句话建议。,家人们好，我是小苏。选灯别只看图，我今天按场景给你讲：卧室偏暖更舒服、客厅偏白更清爽、餐厨显色要高。你把房间用途和大概面积发我，我按你家情况给你配，省钱又省心。新来的家人先别划走，有问题打在公屏，小苏优先回答。,质保3年；平台7天无理由退换（安装后不支持）。,开场,选灯思路先讲清,,2026/02/26,2026/02/27,开场｜选灯思路先讲清,"开场,选灯思路,思路,三问,房间,色温",,,,,,
22,0-10,家人们好，我是小苏！你把客厅/卧室/餐厅+面积+层高发我，我直接给你配灯。,家人们预算这块别焦虑，你给我一个区间就行：比如【200-300/300-500/500+】。我按预算给你配“够用”和“更舒服”的两套方案，你对比着选最省钱的。,家人们好，我是小苏。今天我按你家房间用途、面积、层高给你配灯，省你做功课。客厅更看重通透和层次、卧室更看重舒适不刺眼、餐厅更看重显色让饭菜看着更有食欲。你把房间用途和大概面积发我，我按你家场景给你推荐，别花冤枉钱。,质保3年；平台7天无理由退换（安装后不支持）。,开场,参数+预算+风格,,2026/02/26,2026/02/27,开场｜参数+预算+风格,"开场,预算,风格,参数,客厅,卧室",,,,,,
23,0-10,家人们好，我是小苏！你把客厅/卧室/餐厅+面积+层高发我，我直接给你配灯。,家人们你们随便问，灯这块我最怕的不是问题多，是你们憋着不问。你现在最想解决的是：怎么选灯型？怎么选色温？还是安装怎么弄？公屏打出来我就讲。,家人们好，我是小苏。今天咱们讲清楚：光太白刺眼、显色不好、安装麻烦——这三点你先确认。你把房间用途和大概面积发我，我按你家情况给你配，省钱又省心。新来的家人先别划走，有问题打在公屏，小苏优先回答。,质保3年；平台7天无理由退换（安装后不支持）。,开场,互动提问,,2026/02/26,2026/02/27,开场｜互动提问,"开场,互动提问,场景,户型,客厅,卧室",,,,,,
24,0-10,家人们好，我是小苏！今天先把最关键的选灯思路讲清楚，再讲如何避坑，最后做一轮回购福利。,家人们我先立个规矩：不让你们盲拍。你把房间用途+面积+层高发我，我先把灯型、尺寸、色温给你对上号，合适再下单，别花冤枉钱。,家人们好，我是小苏。新来的先别划走，我今天按客厅/卧室/餐厅帮你把色温怎么选、显指怎么看讲透。你把房间用途和大概面积发我，我按你家情况给你配，省钱又省心。有问题打在公屏，小苏优先解答。,质保3年；平台7天无理由退换（安装后不支持）。,开场,立人设+靠谱人设,,2026/02/26,2026/02/27,开场｜立人设+靠谱人设,"开场,立人设,靠谱,小苏,家人们,避坑",,,,,,
25,0-10,家人们好，我是小苏！今天我按你家房间用途、面积、层高给你配灯，省你做功课。,家人们我给你们一个“下单前必做”：先量尺寸/孔径/层高，拍照留着；不确定就发我，我帮你核对。确认好了再装更省心，装完就不支持无理由退换了。,家人们好，我是小苏。先别急着下单，我帮你把色温、显指、出光方式讲清楚，避免你装了不舒服。你把房间用途和大概面积发我，我按你家情况给你配，省钱又省心。有问题打在公屏，小苏优先解答。,质保3年；平台7天无理由退换（安装后不支持）。,开场,避坑承诺+给安全感,,2026/02/26,2026/02/27,开场｜避坑承诺+给安全感,"开场,避坑承诺,安全感,先测试后装,避免踩坑",,,,,,
26,10-30,别划走，小苏用30秒帮你避坑：色温不是越白越好，显指也不是越高越贵越值，关键是用在你家哪个房间、出光会不会直射刺眼。,家人们咱们互动一下：你家更想要“亮一点”还是“柔一点”？公屏打【亮/柔】。我顺便把色温和防眩怎么选给你讲透。,家人们你担心刺眼很正常。小苏给你个简单判断：卧室优先偏暖更舒服，客厅看你想清爽还是温馨；再看灯的出光方式，是不是直射眼睛。你把房间用途/层高告诉我，我按你家情况把色温和款式给你配到位，用起来舒服才是第一位。,质保3年；平台7天无理由退换（安装后不支持）。,留人,30秒避坑,,2026/02/26,2026/02/27,留人｜30秒避坑,"留人,30秒,避坑,色温,显指",,,,,,
27,10-30,别划走，你回我：装哪间房+多大面积+层高多少？我一句话给你配灯和色温。,家人们别潜水，回我一句就行：装哪间房+大概面积？我直接给你推荐灯型和尺寸，省你翻半天。,家人你刚进来别急着划走，小苏帮你省时间：你只要回我三个信息——房间用途、面积、层高，我就能把你适合吸顶还是吊灯、建议亮度、色温范围给你配好。参数你不用记，我来给你翻译成人话。,质保3年；平台7天无理由退换（安装后不支持）。,留人,一句话配灯,,2026/02/26,2026/02/27,留人｜一句话配灯,"留人,一句话配灯,回我,房间,面积,层高",,,,,,
28,10-30,别划走，你把房间用途、面积、层高发我，我按你家情况帮你配。,家人们我先做个小投票：你最怕的是【刺眼】还是【不够亮】？公屏打1/2，我按你选的那条往下讲。,家人你刚进来别急着划走，小苏帮你省时间，你只要回我三个信息：房间用途、面积、层高。你不想研究参数也没关系，小苏按你家情况给你配。你现在最关心的是哪块：怕刺眼、怕安装麻烦，还是觉得贵？打在公屏我优先解答。,质保3年；平台7天无理由退换（安装后不支持）。,留人,互动提问,,2026/02/26,2026/02/27,留人｜互动提问,"留人,互动,打在公屏,客厅,卧室,餐厅",,,,,,
29,10-30,别划走，你告诉我1）客厅/卧室/餐厅；2）大概面积；3）层高，三句话我就能把该选吸顶还是吊灯、色温怎么配给你说明白。,家人们教你一句：层高低选贴顶，层高够做氛围。你家层高大概多少？公屏打【2.6/2.8/3.0】我就给你定方向。,家人你刚进来别急着划走，小苏帮你省时间：你只要回我三个信息——房间用途、面积、层高，我就能把你适合吸顶还是吊灯、建议亮度、色温范围给你配好。参数你不用记，我来给你翻译成人话。,质保3年；平台7天无理由退换（安装后不支持）。,留人,按房间类型讲,,2026/02/26,2026/02/27,留人｜按房间类型讲,"留人,按房间,客厅,卧室,餐厅,色温",,,,,,
30,10-30,别划走，你把房间用途、面积、层高发我，我按你家情况帮你配。,家人们亮度别猜，按面积来更稳：你家客厅/卧室多少平？打出来，我给你一个“够亮不浪费”的建议。,家人你刚进来别急着划走，小苏帮你省时间：你只要回我三个信息——房间用途、面积、层高，我就能把你适合吸顶还是吊灯、建议亮度、色温范围给你配好。参数你不用记，我来给你翻译成人话。你现在最关心的是哪块：怕不够亮、怕太刺眼，还是怕显色不好？打在公屏我优先解答。,质保3年；平台7天无理由退换（安装后不支持）。,留人,按亮度需求讲,,2026/02/26,2026/02/27,留人｜按亮度需求讲,"留人,亮度,客厅,卧室,吸顶,吊灯",,,,,,
31,10-30,别划走，你把房间用途、面积、层高发我，我按你家情况帮你配。,家人们风格这块别纠结，先说你家是【现代/奶油/原木/轻奢】哪种？公屏打出来，我给你推荐更搭的灯型和颜色。,家人你刚进来别急着划走，小苏帮你省时间：你只要回我三个信息——房间用途、面积、层高，我就能把你适合吸顶还是吊灯、建议亮度、色温范围给你配好。参数你不用记，我来给你翻译成人话。你现在更在意哪种风格：简约清爽、轻奢质感，还是复古温馨？打在公屏我优先解答。,质保3年；平台7天无理由退换（安装后不支持）。,留人,按风格需求讲,,2026/02/26,2026/02/27,留人｜按风格需求讲,"留人,风格,简约,轻奢,复古,温馨",,,,,,
32,10-30,别划走，你把房间用途、面积、层高发我，我按你家情况帮你配。,家人们预算不怕说，给我个区间就行：200-300 / 300-500 / 500+。我按预算给你两套：省钱款和更舒服款。,家人你刚进来别急着划走，小苏帮你省时间：你只要回我三个信息——房间用途、面积、层高，我就能把你适合吸顶还是吊灯、建议亮度、色温范围给你配好。参数你不用记，我来给你翻译成人话。你现在卡在预算上，是觉得贵还是觉得贵得没道理？打在公屏我优先解答。,质保3年；平台7天无理由退换（安装后不支持）。,留人,按预算讲,,2026/02/26,2026/02/27,留人｜按预算讲,"留人,预算,高性价比,按预算,性价比",,,,,,
33,10-30,别划走，你把房间用途、面积、层高发我，我按你家情况帮你配。,家人们层高低最怕“压”，层高高最怕“空”。你家是偏低还是偏高？公屏打【低/高】我教你怎么选不翻车。,家人你刚进来别急着划走，小苏帮你省时间：你只要回我三个信息——房间用途、面积、层高，我就能把你适合吸顶还是吊灯、建议亮度、色温范围给你配好。参数你不用记，我来给你翻译成人话。你担心层高问题，是层高偏低压人，还是层高足够想做吊灯？打在公屏我优先解答。,质保3年；平台7天无理由退换（安装后不支持）。,留人,按层高讲,,2026/02/26,2026/02/27,留人｜按层高讲,"留人,层高,吸顶,吊灯,层高偏低,层高足够",,,,,,
34,10-30,别划走，你把房间用途、面积、层高发我，我按你家情况帮你配。,家人们不想刺眼，就记住四个字：别直射眼。你家主要是沙发位晃眼还是床上晃眼？打【沙发/床】我给你避眩思路。,家人你刚进来别急着划走，小苏帮你省时间：你只要回我三个信息——房间用途、面积、层高，我就能把你适合吸顶还是吊灯、建议亮度、色温范围给你配好。参数你不用记，我来给你翻译成人话。你更在意哪种出光方式：漫反射更柔和、直射更明亮，还是怕眩光刺眼？打在公屏我优先解答。,质保3年；平台7天无理由退换（安装后不支持）。,留人,按出光方式讲,,2026/02/26,2026/02/27,留人｜按出光方式讲,"留人,出光方式,漫反射,直射,避免眩光,舒服",,,,,,
35,10-30,别划走，你把房间用途、面积、层高发我，我按你家情况帮你配。,家人们色温其实很好选：想温馨选暖一点，想清爽选白一点。你家更喜欢【暖/白】？我按房间给你落到具体建议。,家人你刚进来别急着划走，小苏帮你省时间：你只要回我三个信息——房间用途、面积、层高，我就能把你适合吸顶还是吊灯、建议亮度、色温范围给你配好。参数你不用记，我来给你翻译成人话。你更倾向哪种色温：偏暖舒服、偏白清爽，还是看你家人习惯？打在公屏我优先解答。,质保3年；平台7天无理由退换（安装后不支持）。,留人,按色温需求讲,,2026/02/26,2026/02/27,留人｜按色温需求讲,"留人,色温,暖,白,3000K,6000K",,,,,,
36,30-90,家人我理解你觉得贵，小苏不催你冲动消费——你现在卡的就是“值不值”。咱们按你家场景和参数把账算清楚。,家人们我给你个“值不值”判断：同样是灯，舒服的光每天都在用。你告诉我装哪间房、你更在意亮还是柔，我把该选哪个档位讲清楚。,价格这块你犹豫很正常。小苏不跟你讲虚的：灯的差别不只是外观，更在光的舒适度、稳定性和用料做工。你告诉我装客厅还是卧室、面积多大、层高大概多少，我按你家情况给你推荐：要性价比的我给你更省的，要追求质感耐用的我把参数和3年质保给你对齐。合适再拍，不合适别勉强。,质保3年；平台7天无理由退换（安装后不支持）。,憋单,贵=值不值（按场景算账）,,2026/02/26,2026/02/27,憋单｜贵=值不值（按场景算账）,"憋单,贵,值不值,按场景,算账,质保",,,,,,
37,30-90,家人你要是卡在安装，小苏把话说透：先拍你家原灯/孔位，我判断要不要电工、难不难，别你自己瞎猜。,家人们安装别慌，先做一件事：拍你家原灯底盘+孔距+线头。我先帮你判断是直接替换还是要加固/改孔，省钱省事。,安装麻烦这个顾虑很正常。小苏不让你盲拍：你拍一下原灯位置/天花，换灯一般就是对孔位对线色，吸顶和大部分吊灯都不复杂；筒射主要看开孔尺寸。你担心额外费用，我也提前跟你算：要不要电工、要不要改孔，我先给你判断清楚，你确认能接受再下单，省得后面麻烦。,质保3年；平台7天无理由退换（安装后不支持）。,憋单,安装麻烦？先说成本,,2026/02/26,2026/02/27,憋单｜安装麻烦？先说成本,"憋单,安装麻烦,成本,孔位,电工,换灯",,,,,,
38,30-90,家人你卡在刺眼/频闪，小苏不跟你嘴硬：先按房间定色温，再看出光是不是直射，舒服了你再拍。,家人们怕刺眼/频闪的，先别急下单：先定房间用途→再定色温→再看出光方式。你把房间发我，我按顺序帮你配到位。,你担心刺眼/频闪是对的。小苏先把选择顺序给你：第一步按房间用途定色温（卧室更偏暖舒服、客厅看你想清爽还是温馨）；第二步看出光方式，尽量避免直射眼睛。至于频闪，我不做绝对承诺，你到手觉得不舒服，7天内按平台规则走；但你放心，小苏会先帮你把参数和使用场景匹配好，尽量一次选对。,质保3年；平台7天无理由退换（安装后不支持）。,憋单,刺眼频闪？先按房间选色温,,2026/02/26,2026/02/27,憋单｜刺眼频闪？先按房间选色温,"憋单,刺眼,频闪,色温,房间,出光方式",,,,,,
39,30-90,家人你要是卡在安装后不支持，小苏把话说透：先对尺寸/款式/色温再装，不确定就拍给我，装了就不支持无理由退换了。,家人们我再提醒一句省心的：到手先确认尺寸、色温、配件，通电试一下再安装。因为安装后就不支持无理由退换了，咱们先稳一把。,安装后不支持这个规则你先知道：平台7天无理由退换，但安装后不支持。所以你收到货先别急着装，先把尺寸、款式、色温确认好；不确定就拍给我，我帮你核对清楚再装。这样最省心，也避免你售后麻烦。,质保3年；平台7天无理由退换（安装后不支持）。,憋单,怕安装后不支持？先说检查,,2026/02/26,2026/02/27,憋单｜怕安装后不支持？先说检查,"憋单,安装后不支持,检查,尺寸,色温,先确认",,,,,,
40,30-90,家人你要是卡在售后麻烦，小苏把话说透：平台7天无理由退换，但安装后不支持，规则我先讲清楚，免得后面扯皮。,家人们售后这块别担心：质保3年；平台7天无理由退换（安装后不支持）。你不确定就先拍给我核对，咱们把风险压到最低。,售后这块你放心，小苏一直在。规则我也提前说清：平台7天无理由退换，但安装后不支持退换。所以你收到货先别急着装，先把尺寸、款式、色温确认好；需要我核对的直接拍照发我。质保是3年，后续有任何问题先联系小苏，咱们先沟通先解决，尽量不让你多跑一趟。,质保3年；平台7天无理由退换（安装后不支持）。,憋单,怕售后麻烦？先说流程,,2026/02/26,2026/02/27,憋单｜怕售后麻烦？先说流程,"憋单,售后麻烦,流程,7天,质保,规则",,,,,,
41,30-90,家人你要是卡在怕踩坑，小苏把话说透：先按房间定色温，再看出光方式，先给你一个避坑思路，舒服了你再拍。,家人们选灯别靠感觉，靠信息：房间+面积+层高+你想要清爽还是温馨。你打出来，我就能给你一个不踩坑的方向。,怕踩坑这个顾虑很正常。小苏先把选择顺序给你：第一步按房间用途定色温，第二步看出光方式，第三步确认尺寸和款式。你把房间用途、面积、层高发我，我按你家情况给你配，这样基本不会踩坑。有问题打在公屏，小苏优先解答。,质保3年；平台7天无理由退换（安装后不支持）。,憋单,怕踩坑？先给你一个思路,,2026/02/26,2026/02/27,憋单｜怕踩坑？先给你一个思路,"憋单,怕踩坑,思路,三问,避坑,按场景",,,,,,
42,30-90,家人你要是卡在怕选错，小苏把话说透：先对尺寸/款式/色温再装，不确定就拍给我，规则我先讲清楚。,家人们怕选错很正常，我教你个小技巧：先收藏，等我帮你把尺寸和色温核对好再拍。公屏发【房间+面积+层高】我就开始给你算。,怕选错很正常。小苏先把退换规则说清楚：平台7天无理由退换，但安装后不支持。所以你收到货先别急着装，先把尺寸、款式、色温确认好；不确定就拍给我，我帮你核对清楚再装。这样你选的时候更放心，不用担心选错。,质保3年；平台7天无理由退换（安装后不支持）。,憋单,怕选错？先说退换规则,,2026/02/26,2026/02/27,憋单｜怕选错？先说退换规则,"憋单,怕选错,退换,安装后不支持,7天,先确认",,,,,,
43,30-90,家人你要是卡在怕装完不舒服，小苏把话说透：先测试再装，通电看效果，不满意再退，省得后面折腾。,家人们怕装完不舒服，最稳的就是“先试再装”：到手先通电看色温和亮度，确认满意再装，省得后面折腾。,怕装完不舒服很正常。小苏建议你先测试再装：收到货先通电看色温、亮度和出光方式，再决定装不装。如果你觉得不舒服，7天内按平台规则退。但重点是：装之前先把尺寸、款式、色温确认好，别装了再改。,质保3年；平台7天无理由退换（安装后不支持）。,憋单,怕装完不舒服？先说测试,,2026/02/26,2026/02/27,憋单｜怕装完不舒服？先说测试,"憋单,怕装完不舒服,测试,先试后装,到好确认",,,,,,
44,30-90,家人你要是卡在怕钱白花，小苏把话说透：按预算配，预算不够我给你更省的，预算够我给你更稳的。,家人们预算不一样，方案就不一样。你给我个预算区间，我给你配“够用”和“更舒服”的两套，选你最顺眼的那套下单。,怕钱白花很正常。小苏不跟你讲虚的：灯的差别不只是外观，更在光的舒适度、稳定性和用料做工。你告诉我预算大概是多少，我按你家情况给你推荐：要性价比的我给你更省的，要追求质感耐用的我把参数和3年质保给你对齐。合适再拍，不合适别勉强。,质保3年；平台7天无理由退换（安装后不支持）。,憋单,怕钱白花？先按预算配,,2026/02/26,2026/02/27,憋单｜怕钱白花？先按预算配,"憋单,怕钱白花,按预算,性价比,更省,预算足够",,,,,,
45,30-90,家人你要是卡在怕看着便宜，小苏把话说透：参数透明，质保3年，你看得清楚再下。,家人们参数我都给你说人话：看显色、看防眩、看质保。你要是纠结，公屏打【客厅/卧室/餐厅】我按场景把重点给你拎出来。,怕看着便宜很正常。小苏不跟你讲虚的：灯的差别不只是外观，更在光的舒适度、稳定性和用料做工。你把参数（色温、显指、质保3年）和我的服务讲清楚，再决定买不买。有问题打在公屏，小苏优先解答。,质保3年；平台7天无理由退换（安装后不支持）。,憋单,怕看着便宜？先说参数透明,,2026/02/26,2026/02/27,憋单｜怕看着便宜？先说参数透明,"憋单,怕看着便宜,参数透明,质保,用料做工,舒适度",,,,,,
46,90-180,这位家人眼光真到位！你选的是耐看型，装上去不是网红一阵风，是越用越舒服、越看越顺眼那种。,家人们恭喜这位家人选得稳，灯具就像家里气质的“底色”，选对了越看越顺眼。想我帮你再核对尺寸/色温的，发【房间+面积+层高】我就能给你对上。,家人你这个选择很稳，小苏给你点个赞。选灯最怕只看图片不看效果，你能选到这种耐看、省心的款式，说明你更在意长期使用的舒适度。到手记得先确认尺寸和色温，不确定就拍给我，我帮你核对好再安装，省得来回折腾。,质保3年；平台7天无理由退换（安装后不支持）。,赞眼光,选得很稳（耐看+省心）,,2026/02/26,2026/02/27,赞眼光｜选得很稳（耐看+省心）,"赞眼光,眼光在线,选得很稳,耐看,省心",,,,,,
47,90-180,这位家人眼光真到位！你选的是百搭款，装上去不过时，你家人以后换装修也合适。,家人们这种百搭款就像白衬衫，怎么搭都不出错。你家是【现代/奶油/原木/轻奢】哪种风格？公屏打一下，我顺手把配色和色温给你定。,家人你这个选择很稳，小苏给你点个赞。选灯最怕只看图片不看效果，你能选到这种百搭、不过时的款式，说明你更在意长期使用的舒适度。你把层高和餐桌/客厅尺寸告诉我，我把尺寸、下吊高度这些给你算一下，装出来才会好看又不压层高。,质保3年；平台7天无理由退换（安装后不支持）。,赞眼光,眼光在线（百搭款）,,2026/02/26,2026/02/27,赞眼光｜眼光在线（百搭款）,"赞眼光,眼光在线,百搭款,不过时,顺手转讲解",,,,,,
48,90-180,这位家人眼光真到位！你选的是一次到位型，灯、光、色温、尺寸都刚好，基本不会踩坑。,家人们这叫一次到位型，少折腾就是省钱。下单前把【孔距/层高/位置尺寸】量一下，不确定拍给我，我先帮你确认能不能装。,家人你这个选择很稳，小苏给你点个赞。选灯最怕只看图片不看效果，你能选到这种一次到位、省心的款式，说明你更在意长期使用的舒适度。到手记得先确认尺寸和色温，不确定就拍给我，我帮你核对好再安装，省得来回折腾。,质保3年；平台7天无理由退换（安装后不支持）。,赞眼光,选得很准（一次到位）,,2026/02/26,2026/02/27,赞眼光｜选得很准（一次到位）,"赞眼光,选得很准,一次到位,不踩坑,省心",,,,,,
49,90-180,这位家人眼光真到位！你选的是不踩坑型，小苏按你家情况配的，基本不会出错。,家人们选得准！我再提醒一句省心的：到货先通电试色温和亮度，确认满意再安装；平台7天无理由退换（安装后不支持）。,家人你这个选择很稳，小苏给你点个赞。选灯最怕只看图片不看效果，你能选到这种不踩坑、省心的款式，说明你更在意长期使用的舒适度。到手记得先确认尺寸和色温，不确定就拍给我，我帮你核对好再安装，省得来回折腾。,质保3年；平台7天无理由退换（安装后不支持）。,赞眼光,选得很准（不踩坑）,,2026/02/26,2026/02/27,赞眼光｜选得很准（不踩坑）,"赞眼光,选得很准,不踩坑,省心型,耐看型",,,,,,
50,90-180,这位家人眼光真到位！你选的是省心型，不用你做功课，我按你家情况配好，省心省力。,家人们这个就属于“耐看型”，越住越舒服。你更喜欢【清爽白】还是【温馨暖】？公屏打一下，我把色温怎么配给你讲清楚。,家人你这个选择很稳，小苏给你点个赞。选灯最怕只看图片不看效果，你能选到这种省心、耐看的款式，说明你更在意长期使用的舒适度。到手记得先确认尺寸和色温，不确定就拍给我，我帮你核对好再安装，省得来回折腾。,质保3年；平台7天无理由退换（安装后不支持）。,赞眼光,选得很准（省心型）,,2026/02/26,2026/02/27,赞眼光｜选得很准（省心型）,"赞眼光,选得很准,省心型,耐看型,不过时",,,,,,
51,90-180,这位家人眼光真到位！你选的是耐看型，装上去不是网红一阵风，是越用越舒服、越看越顺眼那种。,家人们这类灯装上去不会抢戏但很高级。你现在更在意【更亮】还是【更柔】？打在公屏，我按你家房间给你配光思路。,家人你这个选择很稳，小苏给你点个赞。选灯最怕只看图片不看效果，你能选到这种耐看、省心的款式，说明你更在意长期使用的舒适度。到手记得先确认尺寸和色温，不确定就拍给我，我帮你核对好再安装，省得来回折腾。,质保3年；平台7天无理由退换（安装后不支持）。,赞眼光,选得很准（耐看型）,,2026/02/26,2026/02/27,赞眼光｜选得很准（耐看型）,"赞眼光,选得很准,耐看型,省心型,不过时",,,,,,
52,90-180,这位家人眼光真到位！你选的是不过时型，装上去不是网红一阵风，你家人以后换装修也合适。,家人们不过时就是王道，灯别追网红，追舒服。你家层高多少？我给你判断更适合吸顶还是吊灯，避免装完压层高。,家人你这个选择很稳，小苏给你点个赞。选灯最怕只看图片不看效果，你能选到这种不过时、百搭的款式，说明你更在意长期使用的舒适度。你把层高和餐桌/客厅尺寸告诉我，我把尺寸、下吊高度这些给你算一下，装出来才会好看又不压层高。,质保3年；平台7天无理由退换（安装后不支持）。,赞眼光,选得很准（不过时）,,2026/02/26,2026/02/27,赞眼光｜选得很准（不过时）,"赞眼光,选得很准,不过时,百搭款,顺手转讲解",,,,,,
53,90-180,这位家人眼光真到位！你选的是不折腾型，不用你做功课，我按你家情况配好，省心省力。,家人们不折腾才是真省钱：先量尺寸→再下单→到手先试亮。你把安装位置拍一下，我先帮你把风险点排掉。,家人你这个选择很稳，小苏给你点个赞。选灯最怕只看图片不看效果，你能选到这种不折腾、省心的款式，说明你更在意长期使用的舒适度。到手记得先确认尺寸和色温，不确定就拍给我，我帮你核对好再安装，省得来回折腾。,质保3年；平台7天无理由退换（安装后不支持）。,赞眼光,选得很准（不折腾）,,2026/02/26,2026/02/27,赞眼光｜选得很准（不折腾）,"赞眼光,选得很准,不折腾,一次到位,省心",,,,,,
54,90-180,这位家人眼光真到位！你选的是省心+耐用型，长期用下来舒服又省心。,家人们想要用得久，别光看外观，做工和稳定性更重要。咱们这边质保3年，有问题你直接找我处理，先给你安心。,家人你这个选择很稳，小苏给你点个赞。选灯最怕只看图片不看效果，你能选到这种省心、耐用的款式，说明你更在意长期使用的舒适度。到手记得先确认尺寸和色温，不确定就拍给我，我帮你核对好再安装，省得来回折腾。,质保3年；平台7天无理由退换（安装后不支持）。,赞眼光,选得很准（省心+耐用）,,2026/02/26,2026/02/27,赞眼光｜选得很准（省心+耐用）,"赞眼光,选得很准,省心+耐用,省心型,耐看型",,,,,,
55,90-180,这位家人眼光真到位！你选的是省心+耐看型，越用越舒服、越看越顺眼。,家人们这款耐看，配什么墙面都稳。但我提醒一句：白墙/灰墙看起来色温会不一样。你家墙面偏白还是偏灰？我给你更准的色温建议。,家人你这个选择很稳，小苏给你点个赞。选灯最怕只看图片不看效果，你能选到这种省心、耐看的款式，说明你更在意长期使用的舒适度。到手记得先确认尺寸和色温，不确定就拍给我，我帮你核对好再安装，省得来回折腾。,质保3年；平台7天无理由退换（安装后不支持）。,赞眼光,选得很准（省心+耐看）,,2026/02/26,2026/02/27,赞眼光｜选得很准（省心+耐看）,"赞眼光,选得很准,省心+耐看,省心型,耐看型",,,,,,
56,90-180,这位家人眼光真到位！你选的是省心+百搭型，以后换装修、换风格都合适。,家人们你这个选得太稳了，属于“省心+百搭”型。小苏给你一句更省心的：先定风格再定色温——现代/奶油更适合清爽自然光，原木更适合温柔暖一点。你家是什么风格？公屏打【现代/奶油/原木/轻奢】我给你直接配。,家人你这个选择很稳，小苏给你点个赞。选灯最怕只看图片不看效果，你能选到这种省心、百搭的款式，说明你更在意长期使用的舒适度。你把层高和餐桌/客厅尺寸告诉我，我把尺寸、下吊高度这些给你算一下，装出来才会好看又不压层高。,质保3年；平台7天无理由退换（安装后不支持）。,赞眼光,选得很准（省心+百搭）,,2026/02/26,2026/02/27,赞眼光｜选得很准（省心+百搭）,"赞眼光,选得很准,省心+百搭,省心型,百搭款",,,,,,
57,0-10,家人们好，我是小苏！选灯别只看图，我今天按场景给你讲：卧室偏暖更舒服、客厅偏白更清爽、餐厨显色要高。,家人们网红图看看就行，别照搬。选灯最稳的顺序：房间用途→层高→色温→出光防眩。你现在是装客厅还是卧室？公屏打【房间+面积+层高】，我按你家情况给你一句话定方向。,家人们好，我是小苏。今天我先按客厅/卧室/餐厅帮你把选灯思路先讲清楚，再讲如何避坑，最后做一轮回购福利。没来得及问的家人别着急，回放你随时能看，有什么问题打在公屏我下次优先解答。,质保3年；平台7天无理由退换（安装后不支持）。,开场,别盲目相信网红图,,2026/02/26,2026/02/27,开场｜别盲目相信网红图,"开场,别盲目,网红图,只看图,实际效果",,,,,,
58,0-10,家人们好，我是小苏！你刚进来先别走，小苏只问你三件事：装哪间房、面积多大、层高多少？,家人们怕刺眼就记住一句：卧室宁可暖一点也别白得晃眼；客厅要清爽但别直射眼睛。你现在是沙发位晃还是床上晃？公屏打【沙发/床】，我教你怎么选“亮但不刺”。,家人们好，我是小苏。刚进直播间的家人先别划走，选灯别靠感觉乱买——先看房间用途（客厅/卧室/餐厅），再定色温（想清爽还是温馨），最后看出光方式避免直射刺眼。你把房间+面积+层高发我，我按你家情况给你配，省钱又省心。,质保3年；平台7天无理由退换（安装后不支持）。,开场,怕刺眼先按房间选色温,,2026/02/26,2026/02/27,开场｜怕刺眼先按房间选色温,"开场,怕刺眼,按房间,色温,出光方式",,,,,,
59,0-10,家人们好，我是小苏！新来的先别划走，回我三句话：装哪间房、面积多大、层高多少？我直接给你配灯+色温。,家人们安装别慌，换灯大多数就是对孔位、接线、固定（一定断电，建议电工）。你拍一下原灯底盘和孔距，我先帮你判断能不能直接替换，别自己瞎猜。,家人们好，我是小苏。刚进直播间的家人先别划走，选灯别靠感觉乱买——先看房间用途（客厅/卧室/餐厅），再定色温（想清爽还是温馨），最后看出光方式避免直射刺眼。你把房间+面积+层高发我，我按你家情况给你配，省钱又省心。,质保3年；平台7天无理由退换（安装后不支持）。,开场,怕麻烦先说清安装,,2026/02/26,2026/02/27,开场｜怕麻烦先说清安装,"开场,怕麻烦,安装,孔位,电工,换灯",,,,,,
60,0-10,家人们好，我是小苏！你把客厅/卧室/餐厅+面积+层高发我，我直接给你配灯。,家人们你纠结“值不值”，我用最实在的方式帮你算：装哪间房、一天开灯多久、你更在意亮还是柔？你把【房间+面积+层高+需求】发我，我给你两档选择，别花冤枉钱。,家人们好，我是小苏。今天我按你家房间用途、面积、层高给你配灯，省你做功课。客厅更看重通透和层次、卧室更看重舒适不刺眼、餐厅更看重显色让饭菜看着更有食欲。你把房间用途和大概面积发我，我按你家场景给你推荐，别花冤枉钱。,质保3年；平台7天无理由退换（安装后不支持）。,开场,怕值不值先帮你算账,,2026/02/26,2026/02/27,开场｜怕值不值先帮你算账,"开场,怕值不值,算账,按场景,参数,质保",,,,,,
61,0-10,家人们好，我是小苏！先点关注不迷路，今天我边讲避坑边给你算最省心的搭配。,家人们安装费这块别怕，我先把“会不会额外花钱”给你判断：看原灯位、孔距、有没有吊顶。你拍一张现场图给我，我先告诉你大概率是直接换还是要改孔，心里有数再下单。,家人们好，我是小苏。新来的先点个关注不迷路，今天这场我先按客厅/卧室/餐厅帮你把选灯思路讲清楚，再做一轮回购福利。没来得及问的家人别着急，回放你随时能看，有什么问题打在公屏我下次优先解答。,质保3年；平台7天无理由退换（安装后不支持）。,开场,怕安装贵先告诉你成本,,2026/02/26,2026/02/27,开场｜怕安装贵先告诉你成本,"开场,怕安装贵,成本,孔位,电工,换灯",,,,,,
62,0-10,家人们好，我是小苏！你把客厅/卧室/餐厅+面积+层高发我，我直接给你配灯。,家人们担心频闪/不舒服的，最稳就是“先试再装”：到货先通电看亮度和色温，满意再装。平台7天无理由退换（安装后不支持），所以咱们先确认再安装更省心。,家人们好，我是小苏。今天我按你家房间用途、面积、层高给你配灯，省你做功课。客厅更看重通透和层次、卧室更看重舒适不刺眼、餐厅更看重显色让饭菜看着更有食欲。你把房间用途和大概面积发我，我按你家场景给你推荐，别花冤枉钱。,质保3年；平台7天无理由退换（安装后不支持）。,开场,怕频闪先强调到手确认,,2026/02/26,2026/02/27,开场｜怕频闪先强调到手确认,"开场,怕频闪,到手确认,测试,先装后确认",,,,,,
63,0-10,家人们好，我是小苏！你把客厅/卧室/餐厅+面积+层高发我，我直接给你配灯。,家人们我把关键规则再说一遍：平台7天无理由退换，但安装后不支持。所以到货先对【尺寸/款式/色温/配件】再装，不确定就拍给我，我先帮你核对。,家人们好，我是小苏。今天我按你家房间用途、面积、层高给你配灯，省你做功课。客厅更看重通透和层次、卧室更看重舒适不刺眼、餐厅更看重显色让饭菜看着更有食欲。你把房间用途和大概面积发我，我按你家场景给你推荐，别花冤枉钱。,质保3年；平台7天无理由退换（安装后不支持）。,开场,怕安装后不支持先说检查,,2026/02/26,2026/02/27,开场｜怕安装后不支持先说检查,"开场,安装后不支持,检查,尺寸,色温,先确认",,,,,,
64,0-10,家人们好，我是小苏！先点关注不迷路，今天我边讲避坑边给你算最省心的搭配。,家人们售后不用怕，小苏把流程讲清：到货先开箱检查+通电试一下，确认没问题再安装；质保3年；平台7天无理由退换（安装后不支持）。你担心就拍给我，我先帮你把风险点排掉。,家人们好，我是小苏。新来的先点个关注不迷路，今天这场我先按客厅/卧室/餐厅帮你把选灯思路讲清楚，再做一轮回购福利。没来得及问的家人别着急，回放你随时能看，有什么问题打在公屏我下次优先解答。,质保3年；平台7天无理由退换（安装后不支持）。,开场,怕售后麻烦先说流程,,2026/02/26,2026/02/27,开场｜怕售后麻烦先说流程,"开场,售后麻烦,流程,7天,质保,规则",,,,,,
65,0-10,家人们好，我是小苏！先点关注不迷路，今天我边讲避坑边给你算最省心的搭配。,家人们怕踩坑我懂，选灯其实就四步：用途→面积→层高→色温/防眩。你公屏发【房间+面积+层高】，我按你家情况把灯型和色温直接给你配好。,家人们好，我是小苏。新来的先点个关注不迷路，今天这场我先按客厅/卧室/餐厅帮你把选灯思路讲清楚，再做一轮回购福利。没来得及问的家人别着急，回放你随时能看，有什么问题打在公屏我下次优先解答。,质保3年；平台7天无理由退换（安装后不支持）。,开场,怕踩坑先给你一个简单思路,,2026/02/26,2026/02/27,开场｜怕踩坑先给你一个简单思路,"开场,怕踩坑,思路,三问,避坑,按场景",,,,,,
66,0-10,家人们好，我是小苏！你把客厅/卧室/餐厅+面积+层高发我，我直接给你配灯。,家人们怕选错很正常，我给你一个最稳的操作：先别急着装，收到货先通电看色温和亮度，满意再装；不满意7天内按平台规则走（安装后不支持）。你现在装客厅还是卧室？公屏打一下我帮你先把方向定了。,家人们好，我是小苏。今天我按你家房间用途、面积、层高给你配灯，省你做功课。客厅更看重通透和层次、卧室更看重舒适不刺眼、餐厅更看重显色让饭菜看着更有食欲。你把房间用途和大概面积发我，我按你家场景给你推荐，别花冤枉钱。,质保3年；平台7天无理由退换（安装后不支持）。,开场,怕选错先说退换规则,,2026/02/26,2026/02/27,开场｜怕选错先说退换规则,"开场,怕选错,退换,安装后不支持,7天,先确认",,,,,,
67,0-10,家人们好，我是小苏！先点关注不迷路，今天我边讲避坑边给你算最省心的搭配。,家人们装完不舒服这事儿真不稀奇，所以咱们别赌运气：到货先试光——看刺不刺眼、亮度够不够、颜色喜不喜欢，确认OK再安装。你公屏回我【房间+面积+层高】，我先帮你把色温和出光选对。,家人们好，我是小苏。新来的先点个关注不迷路，今天这场我先按客厅/卧室/餐厅帮你把选灯思路讲清楚，再做一轮回购福利。没来得及问的家人别着急，回放你随时能看，有什么问题打在公屏我下次优先解答。,质保3年；平台7天无理由退换（安装后不支持）。,开场,怕装完不舒服先说测试,,2026/02/26,2026/02/27,开场｜怕装完不舒服先说测试,"开场,怕装完不舒服,测试,先试后装,到好确认",,,,,,
68,0-10,家人们好，我是小苏！先点关注不迷路，今天我边讲避坑边给你算最省心的搭配。,家人们钱别白花，咱按预算做最省的买法：你给我个区间【200-300/300-500/500+】我给你两套——够用款和舒服款。你对比完再下单，别冲动。,家人们好，我是小苏。新来的先点个关注不迷路，今天这场我先按客厅/卧室/餐厅帮你把选灯思路讲清楚，再做一轮回购福利。没来得及问的家人别着急，回放你随时能看，有什么问题打在公屏我下次优先解答。,质保3年；平台7天无理由退换（安装后不支持）。,开场,怕钱白花先说按预算配,,2026/02/26,2026/02/27,开场｜怕钱白花先说按预算配,"开场,怕钱白花,按预算,性价比,更省,预算足够",,,,,,
69,0-10,家人们好，我是小苏！先点关注不迷路，今天我边讲避坑边给你算最省心的搭配。,家人们参数我给你翻译成一句话：看显色（餐厨更重要）、看防眩（客厅沙发位更重要）、看质保（用得久更重要）。你装哪间房？公屏打【客厅/卧室/餐厅】我把重点给你拎出来。,家人们好，我是小苏。新来的先点个关注不迷路，今天这场我先按客厅/卧室/餐厅帮你把选灯思路讲清楚，再做一轮回购福利。没来得及问的家人别着急，回放你随时能看，有什么问题打在公屏我下次优先解答。,质保3年；平台7天无理由退换（安装后不支持）。,开场,怕看着便宜先说参数透明,,2026/02/26,2026/02/27,开场｜怕看着便宜先说参数透明,"开场,怕看着便宜,参数透明,质保,用料做工,舒适度",,,,,,
70,0-10,家人们好，我是小苏！你把客厅/卧室/餐厅+面积+层高发我，我直接给你配灯。,家人们图片只能参考，真正住起来舒服不舒服看光。你把你家墙面颜色（白/灰/木色）+房间用途发我，我帮你把色温定准，别买回去发现“看着不对劲”。,家人们好，我是小苏。今天我按你家房间用途、面积、层高给你配灯，省你做功课。客厅更看重通透和层次、卧室更看重舒适不刺眼、餐厅更看重显色让饭菜看着更有食欲。你把房间用途和大概面积发我，我按你家场景给你推荐，别花冤枉钱。,质保3年；平台7天无理由退换（安装后不支持）。,开场,怕只看图片先说实际效果,,2026/02/26,2026/02/27,开场｜怕只看图片先说实际效果,"开场,怕只看图片,实际效果,避坑,只看图,不靠感觉",,,,,,
71,0-10,家人们好，我是小苏！先点关注不迷路，今天我边讲避坑边给你算最省心的搭配。,家人们安装这块我再强调一次：一定先断电，孔位对不对先量清楚，拿不准就找电工更安全。你拍一下原灯底盘/孔距/线头，我先帮你判断是直接替换还是要改孔。,家人们好，我是小苏。新来的先点个关注不迷路，今天这场我先按客厅/卧室/餐厅帮你把选灯思路讲清楚，再做一轮回购福利。没来得及问的家人别着急，回放你随时能看，有什么问题打在公屏我下次优先解答。,质保3年；平台7天无理由退换（安装后不支持）。,开场,怕安装失误先说步骤,,2026/02/26,2026/02/27,开场｜怕安装失误先说步骤,"开场,怕安装失误,步骤,对孔位,对线色,电工",,,,,,
72,10-30,别划走，你把房间用途、面积、层高发我，我按你家情况帮你配。,家人们省电这块别被“瓦数”吓到，关键是你家用在哪儿、开灯多久。你是客厅常开还是卧室偶尔开？公屏打一下，我按使用频率给你推荐更省电又够亮的搭配。,家人你刚进来别急着划走，小苏帮你省时间：你只要回我三个信息——房间用途、面积、层高，我就能把你适合吸顶还是吊灯、建议亮度、色温范围给你配好。参数你不用记，我来给你翻译成人话。你现在更在意哪种：怕费电、怕灯不亮、还是怕寿命不长？打在公屏我优先解答。,质保3年；平台7天无理由退换（安装后不支持）。,留人,按节能需求讲,,2026/02/26,2026/02/27,留人｜按节能需求讲,"留人,节能,省钱,省电,寿命,省心",,,,,,
73,10-30,别划走，你把房间用途、面积、层高发我，我按你家情况帮你配。,家人们餐厨显色很关键，不然菜看着发灰、肉看着没食欲。你家是装厨房还是餐厅？公屏打【厨房/餐厅+面积】我告诉你显色和色温怎么配更真实。,家人你刚进来别急着划走，小苏帮你省时间：你只要回我三个信息——房间用途、面积、层高，我就能把你适合吸顶还是吊灯、建议亮度、色温范围给你配好。参数你不用记，我来给你翻译成人话。你现在更在意哪种：怕不够亮、怕刺眼、还是怕显色不好让食物看着没食欲？打在公屏我优先解答。,质保3年；平台7天无理由退换（安装后不支持）。,留人,按显指需求讲,,2026/02/26,2026/02/27,留人｜按显指需求讲,"留人,显指,显色,餐厨,颜色,还原",,,,,,
74,10-30,别划走，你把房间用途、面积、层高发我，我按你家情况帮你配。,家人们灯想用得久，别光看外观：稳定性、散热、做工才是关键。咱们这边质保3年，你用着有问题直接找我处理。你现在更在意“耐用”还是“氛围”？我按需求给你推荐。,家人你刚进来别急着划走，小苏帮你省时间：你只要回我三个信息——房间用途、面积、层高，我就能把你适合吸顶还是吊灯、建议亮度、色温范围给你配好。参数你不用记，我来给你翻译成人话。你现在更在意哪种：怕用几年就坏、怕经常换灯，还是怕光慢慢变暗？打在公屏我优先解答。,质保3年；平台7天无理由退换（安装后不支持）。,留人,按寿命讲,,2026/02/26,2026/02/27,留人｜按寿命讲,"留人,寿命,用久,耐用,省钱,省心",,,,,,
75,10-30,别划走，你把房间用途、面积、层高发我，我按你家情况帮你配。,家人们外观好看当然重要，但别只看造型：要看装上去会不会压层高、会不会晃眼。你家层高大概多少？公屏打【2.6/2.8/3.0】我帮你判断选贴顶还是做氛围更合适。,家人你刚进来别急着划走，小苏帮你省时间：你只要回我三个信息——房间用途、面积、层高，我就能把你适合吸顶还是吊灯、建议亮度、色温范围给你配好。参数你不用记，我来给你翻译成人话。你现在更在意哪种：怕不够亮、怕刺眼，还是怕灯的线条和造型不好看？打在公屏我优先解答。,质保3年；平台7天无理由退换（安装后不支持）。,留人,按外观讲,,2026/02/26,2026/02/27,留人｜按外观讲,"留人,外观,造型,线条,简约,质感",,,,,,
76,10-30,别划走，你把房间用途、面积、层高发我，我按你家情况帮你配。,家人们光斑这块很影响高级感：光斑太小像“打手电”，太散又没重点。你是想整体照明还是重点照画/柜？公屏打【整体/重点】，我把筒射/射灯怎么选给你讲明白。,家人你刚进来别急着划走，小苏帮你省时间：你只要回我三个信息——房间用途、面积、层高，我就能把你适合吸顶还是吊灯、建议亮度、色温范围给你配好。参数你不用记，我来给你翻译成人话。你现在更在意哪种：怕不够亮、怕刺眼，还是怕光斑太小或者不均匀？打在公屏我优先解答。,质保3年；平台7天无理由退换（安装后不支持）。,留人,按光斑讲,,2026/02/26,2026/02/27,留人｜按光斑讲,"留人,光斑,照射,整体,柔和,均匀",,,,,,
77,10-30,别划走，你把房间用途、面积、层高发我，我按你家情况帮你配。,家人们眩光难受这事儿，坐沙发/躺床最明显。你记住一句：别让灯直射你的眼睛。你家主要是沙发位晃还是床上晃？公屏打【沙发/床】，我教你选防眩更舒服。,家人你刚进来别急着划走，小苏帮你省时间：你只要回我三个信息——房间用途、面积、层高，我就能把你适合吸顶还是吊灯、建议亮度、色温范围给你配好。参数你不用记，我来给你翻译成人话。你现在更在意哪种：怕不够亮、怕不够省电，还是怕光太亮直射眼睛刺眼？打在公屏我优先解答。,质保3年；平台7天无理由退换（安装后不支持）。,留人,按眩光讲,,2026/02/26,2026/02/27,留人｜按眩光讲,"留人,眩光,刺眼,出光方式,漫反射,避免",,,,,,
78,10-30,别划走，你把房间用途、面积、层高发我，我按你家情况帮你配。,家人们怕闪眼就按这个来：到货先通电试一下，看手机拍视频有没有“条纹闪”，感觉不舒服先别装。你告诉我装哪间房，我把色温和出光给你先配好，降低踩坑概率。,家人你刚进来别急着划走，小苏帮你省时间：你只要回我三个信息——房间用途、面积、层高，我就能把你适合吸顶还是吊灯、建议亮度、色温范围给你配好。参数你不用记，我来给你翻译成人话。你现在更在意哪种：怕不够亮、怕寿命不长，还是怕光闪眼不舒服？打在公屏我优先解答。,质保3年；平台7天无理由退换（安装后不支持）。,留人,按频闪讲,,2026/02/26,2026/02/27,留人｜按频闪讲,"留人,频闪,晃眼,稳定,安心,测试",,,,,,
79,10-30,别划走，你把房间用途、面积、层高发我，我按你家情况帮你配。,家人们灯光不均匀最影响体验：明一块暗一块，人一走动还会有阴影。你家是客厅还是走廊？面积多少？公屏打出来，我给你一个“数量+间距”的思路，别装完再返工。,家人你刚进来别急着划走，小苏帮你省时间：你只要回我三个信息——房间用途、面积、层高，我就能把你适合吸顶还是吊灯、建议亮度、色温范围给你配好。参数你不用记，我来给你翻译成人话。你现在更在意哪种：怕不够亮、怕寿命不长，还是怕灯的光不够均匀，明一块暗一块？打在公屏我优先解答。,质保3年；平台7天无理由退换（安装后不支持）。,留人,按灯光均匀度讲,,2026/02/26,2026/02/27,留人｜按灯光均匀度讲,"留人,灯光均匀度,整体,氛围,省心,舒服",,,,,,
80,10-30,别划走，你把房间用途、面积、层高发我，我按你家情况帮你配。,家人们想要氛围感，其实就两件事：色温别太白、光别太硬。你是想“温馨放松”还是“清爽高级”？公屏打【温馨/清爽】，我按你家风格给你配灯型和色温。,家人你刚进来别急着划走，小苏帮你省时间：你只要回我三个信息——房间用途、面积、层高，我就能把你适合吸顶还是吊灯、建议亮度、色温范围给你配好。参数你不用记，我来给你翻译成人话。你现在更在意哪种：怕不够亮、怕寿命不长，还是怕灯氛围感不好，没有那种温馨浪漫的感觉？打在公屏我优先解答。,质保3年；平台7天无理由退换（安装后不支持）。,留人,按氛围感讲,,2026/02/26,2026/02/27,留人｜按氛围感讲,"留人,氛围感,温馨,浪漫,有情调,省心",,,,,,
81,10-30,别划走，你把房间用途、面积、层高发我，我按你家情况帮你配。,家人们这条我说句实在的：灯选百搭，就等于装修“留后路”。你以后换沙发、换窗帘、换风格都不怕翻车。你家现在偏【现代/奶油/原木/轻奢】哪种？公屏打一下，我把更稳的色温也给你顺手定了。,家人你刚进来别急着划走，小苏帮你省时间：你只要回我三个信息——房间用途、面积、层高，我就能把你适合吸顶还是吊灯、建议亮度、色温范围给你配好。参数你不用记，我来给你翻译成人话。你现在更在意哪种：怕不够亮、怕寿命不长，还是怕灯不百搭，以后换装修/换风格就不好看？打在公屏我优先解答。,质保3年；平台7天无理由退换（安装后不支持）。,留人,按百搭性讲,,2026/02/26,2026/02/27,留人｜按百搭性讲,"留人,百搭,通用,不过时,换风格,省心",,,,,,
82,10-30,别划走，你把房间用途、面积、层高发我，我按你家情况帮你配。,家人们我插一句生活小经验：灯好不好打理，住进去你就知道了。怕积灰的，尽量选线条简洁、容易擦的。你家是厨房油烟多，还是客厅灰尘多？公屏打【厨房/客厅】，我按位置给你选更省心的。,家人你刚进来别急着划走，小苏帮你省时间：你只要回我三个信息——房间用途、面积、层高，我就能把你适合吸顶还是吊灯、建议亮度、色温范围给你配好。参数你不用记，我来给你翻译成人话。你现在更在意哪种：怕不够亮、怕寿命不长，还是怕灯上积灰难清理？打在公屏我优先解答。,质保3年；平台7天无理由退换（安装后不支持）。,留人,按易清洁讲,,2026/02/26,2026/02/27,留人｜按易清洁讲,"留人,易清洁,灰尘,打理,省心,吸顶",,,,,,
83,10-30,别划走，你把房间用途、面积、层高发我，我按你家情况帮你配。,家人们安装这事儿别自己吓自己，很多灯就是“对孔位+接线+固定”。你拍一下原灯底盘和孔距，我先帮你判断能不能直接替换、要不要加固，心里有数再下单。,家人你刚进来别急着划走，小苏帮你省时间：你只要回我三个信息——房间用途、面积、层高，我就能把你适合吸顶还是吊灯、建议亮度、色温范围给你配好。参数你不用记，我来给你翻译成人话。你现在更在意哪种：怕不够亮、怕寿命不长，还是怕安装复杂、要找电工？打在公屏我优先解答。,质保3年；平台7天无理由退换（安装后不支持）。,留人,按易安装讲,,2026/02/26,2026/02/27,留人｜按易安装讲,"留人,易安装,步骤,对孔位,电工,简单",,,,,,
84,10-30,别划走，你把房间用途、面积、层高发我，我按你家情况帮你配。,家人们选灯最省心的办法就是：别让自己当工程师。你只要给我【房间+面积+层高+你喜欢清爽还是温馨】，我直接把灯型和色温给你对号入座，省你做功课。,家人你刚进来别急着划走，小苏帮你省时间：你只要回我三个信息——房间用途、面积、层高，我就能把你适合吸顶还是吊灯、建议亮度、色温范围给你配好。参数你不用记，我来给你翻译成人话。你现在更在意哪种：怕不够亮、怕寿命不长，还是怕选灯麻烦、要自己做功课？打在公屏我优先解答。,质保3年；平台7天无理由退换（安装后不支持）。,留人,按省心程度讲,,2026/02/26,2026/02/27,留人｜按省心程度讲,"留人,省心程度,省心,不麻烦,靠谱,省事",,,,,,
85,10-30,别划走，你把房间用途、面积、层高发我，我按你家情况帮你配。,家人们售后这块我先说在前面：到货先开箱检查、通电试一下，确认没问题再安装；平台7天无理由退换（安装后不支持），咱们按流程来最省心。有疑问直接拍图发我。,家人你刚进来别急着划走，小苏帮你省时间：你只要回我三个信息——房间用途、面积、层高，我就能把你适合吸顶还是吊灯、建议亮度、色温范围给你配好。参数你不用记，我来给你翻译成人话。你现在更在意哪种：怕不够亮、怕寿命不长，还是怕售后麻烦、退换规则不清楚？打在公屏我优先解答。,质保3年；平台7天无理由退换（安装后不支持）。,留人,按售后方便讲,,2026/02/26,2026/02/27,留人｜按售后方便讲,"留人,售后方便,7天,质保,规则,省心",,,,,,
86,10-30,别划走，你把房间用途、面积、层高发我，我按你家情况帮你配。,家人们买灯最怕用两年出问题，所以质保一定要问清楚。咱们这边质保3年，有问题你先找我，别自己硬扛。你现在最担心的是【不亮/刺眼/安装】哪一块？打在公屏我先解决你最卡的。,家人你刚进来别急着划走，小苏帮你省时间：你只要回我三个信息——房间用途、面积、层高，我就能把你适合吸顶还是吊灯、建议亮度、色温范围给你配好。参数你不用记，我来给你翻译成人话。你现在更在意哪种：怕不够亮、怕寿命不长，还是怕没有质保、用起来不安心？打在公屏我优先解答。,质保3年；平台7天无理由退换（安装后不支持）。,留人,按质保讲,,2026/02/26,2026/02/27,留人｜按质保讲,"留人,质保,3年,安心,靠谱,省心",,,,,,
87,0-10,家人们好，我是小苏！先点关注不迷路，今天我边讲避坑边给你算最省心的搭配。,家人们冷场我就讲个“下单前最稳的动作”：先收藏别急拍，回我【房间+面积+层高】，我把尺寸和色温先给你核对好，合适你再拍，省得来回折腾。,家人们好，我是小苏。新来的先点个关注不迷路，今天这场我先按客厅/卧室/餐厅帮你把选灯思路讲清楚，再做一轮回购福利。没来得及问的家人别着急，回放你随时能看，有什么问题打在公屏我下次优先解答。,质保3年；平台7天无理由退换（安装后不支持）。,开场,怕装完不舒服先说测试,,2026/02/26,2026/02/27,开场｜怕装完不舒服先说测试,"开场,怕装完不舒服,测试,先试后装,到好确认",,,,,,
88,0-10,家人们好，我是小苏！先点关注不迷路，今天我边讲避坑边给你算最省心的搭配。,家人们预算这块你给我个区间就行：200-300 / 300-500 / 500+。我按预算给你两套——够用款和更舒服款，你对比完再下单，别冲动消费。,家人们好，我是小苏。新来的先点个关注不迷路，今天这场我先按客厅/卧室/餐厅帮你把选灯思路讲清楚，再做一轮回购福利。没来得及问的家人别着急，回放你随时能看，有什么问题打在公屏我下次优先解答。,质保3年；平台7天无理由退换（安装后不支持）。,开场,怕钱白花先说按预算配,,2026/02/26,2026/02/27,开场｜怕钱白花先说按预算配,"开场,怕钱白花,按预算,性价比,更省,预算足够",,,,,,
89,0-10,家人们好，我是小苏！先点关注不迷路，今天我边讲避坑边给你算最省心的搭配。,家人们参数别看一堆字，记住三件事就够：显色（看东西真不真）、防眩（晃不晃眼）、质保（用得久不久）。你装哪间房？公屏打【客厅/卧室/餐厨】，我把重点给你拎出来。,家人们好，我是小苏。新来的先点个关注不迷路，今天这场我先按客厅/卧室/餐厅帮你把选灯思路讲清楚，再做一轮回购福利。没来得及问的家人别着急，回放你随时能看，有什么问题打在公屏我下次优先解答。,质保3年；平台7天无理由退换（安装后不支持）。,开场,怕看着便宜先说参数透明,,2026/02/26,2026/02/27,开场｜怕看着便宜先说参数透明,"开场,怕看着便宜,参数透明,质保,用料做工,舒适度",,,,,,
90,0-10,家人们好，我是小苏！你把客厅/卧室/餐厅+面积+层高发我，我直接给你配灯。,家人们图片只能参考，住起来舒服看“光”的感觉。你家墙面偏白还是偏灰？公屏打【白/灰】，我告诉你色温怎么选更耐看，别买回去发现灯色不对。,家人们好，我是小苏。今天我按你家房间用途、面积、层高给你配灯，省你做功课。客厅更看重通透和层次、卧室更看重舒适不刺眼、餐厅更看重显色让饭菜看着更有食欲。你把房间用途和大概面积发我，我按你家场景给你推荐，别花冤枉钱。,质保3年；平台7天无理由退换（安装后不支持）。,开场,怕只看图片先说实际效果,,2026/02/26,2026/02/27,开场｜怕只看图片先说实际效果,"开场,怕只看图片,实际效果,避坑,只看图,不靠感觉",,,,,,
91,0-10,家人们好，我是小苏！先点关注不迷路，今天我边讲避坑边给你算最省心的搭配。,家人们安装我必须提醒一句：一定先断电，能找电工就找电工更安全。你担心装不装得上，就拍原灯底盘+孔距给我，我先帮你判断难度。,家人们好，我是小苏。新来的先点个关注不迷路，今天这场我先按客厅/卧室/餐厅帮你把选灯思路讲清楚，再做一轮回购福利。没来得及问的家人别着急，回放你随时能看，有什么问题打在公屏我下次优先解答。,质保3年；平台7天无理由退换（安装后不支持）。,开场,怕安装失误先说步骤,,2026/02/26,2026/02/27,开场｜怕安装失误先说步骤,"开场,怕安装失误,步骤,对孔位,对线色,电工",,,,,,
92,0-10,家人们好，我是小苏！先点关注不迷路，今天我边讲避坑边给你算最省心的搭配。,家人们风格不搭这事儿最常见。你家是偏【现代/奶油/原木/轻奢】？公屏打一下，我按风格给你推荐更百搭的颜色和色温，装完才不会“怪怪的”。,家人们好，我是小苏。新来的先点个关注不迷路，今天这场我先按客厅/卧室/餐厅帮你把选灯思路讲清楚，再做一轮回购福利。没来得及问的家人别着急，回放你随时能看，有什么问题打在公屏我下次优先解答。,质保3年；平台7天无理由退换（安装后不支持）。,开场,怕装修风格不搭先说百搭,,2026/02/26,2026/02/27,开场｜怕装修风格不搭先说百搭,"开场,怕不搭,百搭,换风格,不过时,省心",,,,,,
93,0-10,家人们好，我是小苏！你把客厅/卧室/餐厅+面积+层高发我，我直接给你配灯。,家人们怕不够亮别靠猜，按面积更稳。你家客厅/卧室多少平？公屏打【面积+层高】，我给你一个“够亮不浪费”的建议。,家人们好，我是小苏。今天我按你家房间用途、面积、层高给你配灯，省你做功课。客厅更看重通透和层次、卧室更看重舒适不刺眼、餐厅更看重显色让饭菜看着更有食欲。你把房间用途和大概面积发我，我按你家场景给你推荐，别花冤枉钱。,质保3年；平台7天无理由退换（安装后不支持）。,开场,怕灯不够亮先说按需配光,,2026/02/26,2026/02/27,开场｜怕灯不够亮先说按需配光,"开场,怕不够亮,按需配光,亮度,客厅,卧室",,,,,,
94,0-10,家人们好，我是小苏！你把客厅/卧室/餐厅+面积+层高发我，我直接给你配灯。,家人们怕灯光太冷很正常，卧室建议暖一点更放松，客厅想清爽可以自然一点但别刺眼。你装哪间房？打在公屏我把色温范围直接给你定。,家人们好，我是小苏。今天我按你家房间用途、面积、层高给你配灯，省你做功课。客厅更看重通透和层次、卧室更看重舒适不刺眼、餐厅更看重显色让饭菜看着更有食欲。你把房间用途和大概面积发我，我按你家场景给你推荐，别花冤枉钱。,质保3年；平台7天无理由退换（安装后不支持）。,开场,怕灯光太冷先说按场景调温,,2026/02/26,2026/02/27,开场｜怕灯光太冷先说按场景调温,"开场,怕太冷,按场景调温,色温,卧室偏暖,客厅偏白",,,,,,
95,0-10,家人们好，我是小苏！先点关注不迷路，今天我边讲避坑边给你算最省心的搭配。,家人们安装费怕不透明的，你别急着下单：拍一张现场（灯位/吊顶/孔距）给我，我先告诉你大概率是直接替换还是要改孔加固，心里有数再拍。,家人们好，我是小苏。新来的先点个关注不迷路，今天这场我先按客厅/卧室/餐厅帮你把选灯思路讲清楚，再做一轮回购福利。没来得及问的家人别着急，回放你随时能看，有什么问题打在公屏我下次优先解答。,质保3年；平台7天无理由退换（安装后不支持）。,开场,怕安装费用高先说透明报价,,2026/02/26,2026/02/27,开场｜怕安装费用高先说透明报价,"开场,怕费用高,透明报价,成本,安装费,电工费",,,,,,
96,0-10,家人们好，我是小苏！先点关注不迷路，今天我边讲避坑边给你算最省心的搭配。,家人们质量这块我给你一句安心话：别只看外观，稳定性和做工更重要。咱们质保3年，后面有问题先找我处理。你更在意【耐用/氛围/亮度】哪一个？公屏打出来我按重点给你配。,家人们好，我是小苏。新来的先点个关注不迷路，今天这场我先按客厅/卧室/餐厅帮你把选灯思路讲清楚，再做一轮回购福利。没来得及问的家人别着急，回放你随时能看，有什么问题打在公屏我下次优先解答。,质保3年；平台7天无理由退换（安装后不支持）。,开场,怕质量不稳先说质保和做工,,2026/02/26,2026/02/27,开场｜怕质量不稳先说质保和做工,"开场,怕不稳,质保和做工,3年,用料做工,稳定",,,,,,
97,0-10,家人们好，我是小苏！先点关注不迷路，今天我边讲避坑边给你算最省心的搭配。,家人们筒射这类最怕开孔不对，装不上就尴尬。你家有没有开孔？孔径大概多少？公屏打【7.5/9/10】我先帮你把“能不能装”确认了，再谈怎么买最稳。,家人们好，我是小苏。新来的先点个关注不迷路，今天这场我先按客厅/卧室/餐厅帮你把选灯思路讲清楚，再做一轮回购福利。没来得及问的家人别着急，回放你随时能看，有什么问题打在公屏我下次优先解答。,质保3年；平台7天无理由退换（安装后不支持）。,开场,怕开孔尺寸不对先说确认孔位,,2026/02/26,2026/02/27,开场｜怕开孔尺寸不对先说确认孔位,"开场,怕孔位不对,确认孔位,筒射,开孔尺寸,对孔",,,,,,
98,0-10,家人们好，我是小苏！先点关注不迷路，今天我边讲避坑边给你算最省心的搭配。,家人们接线别怕，但一定要找专业的、先断电。线色不确定的，拍清楚给我，我先帮你判断怎么对线更稳，别自己硬接。,家人们好，我是小苏。新来的先点个关注不迷路，今天这场我先按客厅/卧室/餐厅帮你把选灯思路讲清楚，再做一轮回购福利。没来得及问的家人别着急，回放你随时能看，有什么问题打在公屏我下次优先解答。,质保3年；平台7天无理由退换（安装后不支持）。,开场,怕线色不匹配先说对线色,,2026/02/26,2026/02/27,开场｜怕线色不匹配先说对线色,"开场,怕线色不匹配,对线色,换灯,布线,颜色",,,,,,
99,0-10,家人们好，我是小苏！先点关注不迷路，今天我边讲避坑边给你算最省心的搭配。,家人们尺寸不合适是最浪费时间的，所以你下单前把【安装位置长度/宽度/层高】量一下，不想量的拍个视频给我，我按你家位置帮你判断选多大更合适。,家人们好，我是小苏。新来的先点个关注不迷路，今天这场我先按客厅/卧室/餐厅帮你把选灯思路讲清楚，再做一轮回购福利。没来得及问的家人别着急，回放你随时能看，有什么问题打在公屏我下次优先解答。,质保3年；平台7天无理由退换（安装后不支持）。,开场,怕尺寸不合适先说先测后装,,2026/02/26,2026/02/27,开场｜怕尺寸不合适先说先测后装,"开场,怕尺寸不合适,先测后装,尺寸,长度,高度",,,,,,
100,0-10,家人们好，我是小苏！先点关注不迷路，今天我边讲避坑边给你算最省心的搭配。,家人们层高低的家最怕“压”，所以贴顶/吸顶更友好。你家层高大概多少？公屏打【2.6/2.8/3.0】，我告诉你选贴顶还是做氛围更舒服。,家人们好，我是小苏。新来的先点个关注不迷路，今天这场我先按客厅/卧室/餐厅帮你把选灯思路讲清楚，再做一轮回购福利。没来得及问的家人别着急，回放你随时能看，有什么问题打在公屏我下次优先解答。,质保3年；平台7天无理由退换（安装后不支持）。,开场,怕层高过低先说吸顶更合适,,2026/02/26,2026/02/27,开场｜怕层高过低先说吸顶更合适,"开场,怕层高低,吸顶更合适,层高,吊灯,下吊",,,,,,
101,0-10,家人们好，我是小苏！先点关注不迷路，今天我边讲避坑边给你算最省心的搭配。,家人们层高够的家真的别浪费，吊灯一做氛围感立马出来。你家层高大概多少？公屏打【2.6/2.8/3.0】我帮你判断“吊多长不压头”。,家人们好，我是小苏。新来的先点个关注不迷路，今天这场我先按客厅/卧室/餐厅帮你把选灯思路讲清楚，再做一轮回购福利。没来得及问的家人别着急，回放你随时能看，有什么问题打在公屏我下次优先解答。,质保3年；平台7天无理由退换（安装后不支持）。,开场,怕层高够高先说吊灯氛围感,,2026/02/26,2026/02/27,开场｜怕层高够高先说吊灯氛围感,"开场,怕层高够,吊灯氛围,层高,下吊,层次",,,,,,
102,0-10,家人们好，我是小苏！先点关注不迷路，今天我边讲避坑边给你算最省心的搭配。,家人们餐厨这块我插一句：显色不行，菜色就发灰。你装厨房还是餐厅？公屏打【厨房/餐厅+面积】，我告诉你显色和色温怎么选更真实。,家人们好，我是小苏。新来的先点个关注不迷路，今天这场我先按客厅/卧室/餐厅帮你把选灯思路讲清楚，再做一轮回购福利。没来得及问的家人别着急，回放你随时能看，有什么问题打在公屏我下次优先解答。,质保3年；平台7天无理由退换（安装后不支持）。,开场,怕显指不够先说餐厨要高显指,,2026/02/26,2026/02/27,开场｜怕显指不够先说餐厨要高显指,"开场,怕显指不够,餐厨,显指高,显色好,还原",,,,,,
103,0-10,家人们好，我是小苏！先点关注不迷路，今天我边讲避坑边给你算最省心的搭配。,家人们想要“看着就舒服”，尽量选接近自然光、显色更真实的。你家墙面是白墙还是偏灰？公屏打【白/灰】，我帮你把色温定准。,家人们好，我是小苏。新来的先点个关注不迷路，今天这场我先按客厅/卧室/餐厅帮你把选灯思路讲清楚，再做一轮回购福利。没来得及问的家人别着急，回放你随时能看，有什么问题打在公屏我下次优先解答。,质保3年；平台7天无理由退换（安装后不支持）。,开场,怕显色太假先说接近自然光,,2026/02/26,2026/02/27,开场｜怕显色太假先说接近自然光,"开场,怕显色假,接近自然光,显色,颜色,还原",,,,,,
104,0-10,家人们好，我是小苏！先点关注不迷路，今天我边讲避坑边给你算最省心的搭配。,家人们担心频闪的，别硬装：到货先通电试一下，手机拍视频看有没有条纹闪，舒服再装。你装哪间房？打出来我先把色温给你配好。,家人们好，我是小苏。新来的先点个关注不迷路，今天这场我先按客厅/卧室/餐厅帮你把选灯思路讲清楚，再做一轮回购福利。没来得及问的家人别着急，回放你随时能看，有什么问题打在公屏我下次优先解答。,质保3年；平台7天无理由退换（安装后不支持）。,开场,怕频闪明显先说先测再装,,2026/02/26,2026/02/27,开场｜怕频闪明显先说先测再装,"开场,怕频闪明显,先测再装,测试,稳定,不晃眼",,,,,,
105,0-10,家人们好，我是小苏！先点关注不迷路，今天我边讲避坑边给你算最省心的搭配。,家人们怕刺眼就一句话：别让灯直射眼睛。你主要是沙发位晃还是床上晃？公屏打【沙发/床】，我教你怎么选防眩更舒服。,家人们好，我是小苏。新来的先点个关注不迷路，今天这场我先按客厅/卧室/餐厅帮你把选灯思路讲清楚，再做一轮回购福利。没来得及问的家人别着急，回放你随时能看，有什么问题打在公屏我下次优先解答。,质保3年；平台7天无理由退换（安装后不支持）。,开场,怕光线刺眼先说避免直射,,2026/02/26,2026/02/27,开场｜怕光线刺眼先说避免直射,"开场,怕刺眼,避免直射,出光方式,遮光角,柔和",,,,,,
106,0-10,家人们好，我是小苏！先点关注不迷路，今天我边讲避坑边给你算最省心的搭配。,家人们光线不均匀最影响体验，装完才发现明一块暗一块就难受。你家是客厅还是走廊？面积多少？公屏打出来，我给你一个点位/数量思路。,家人们好，我是小苏。新来的先点个关注不迷路，今天这场我先按客厅/卧室/餐厅帮你把选灯思路讲清楚，再做一轮回购福利。没来得及问的家人别着急，回放你随时能看，有什么问题打在公屏我下次优先解答。,质保3年；平台7天无理由退换（安装后不支持）。,开场,怕光线不均匀先说配光设计,,2026/02/26,2026/02/27,开场｜怕光线不均匀先说配光设计,"开场,怕不均匀,配光设计,光斑,均匀,柔和",,,,,,
107,30-90,家人你要是卡在怕预算不够，小苏把话说透：按预算配，预算不够我给你更省的，预算够我给你更稳的。,家人们预算紧也能买到好用的，关键是按场景配。你给我预算区间【200-300/300-500/500+】，我给你两套：够用款和更舒服款，你对比着拍。,怕钱白花很正常。小苏不跟你讲虚的：灯的差别不只是外观，更在光的舒适度、稳定性和用料做工。你告诉我预算大概是多少，我按你家情况给你推荐：要性价比的我给你更省的，要追求质感耐用的我把参数和3年质保给你对齐。合适再拍，不合适别勉强。,质保3年；平台7天无理由退换（安装后不支持）。,憋单,怕预算不够先说高性价比,,2026/02/26,2026/02/27,憋单｜怕预算不够先说高性价比,"憋单,预算不够,高性价比,性价比高,更省,预算足够",,,,,,
108,30-90,家人你要是卡在怕质量不稳，小苏把话说透：参数透明，质保3年，你看得清楚再下。,家人们质量稳不稳，最简单看两点：做工细不细、质保清不清。咱们质保3年，有问题直接找我。你更在意【耐用/不刺眼/好装】哪一项？打在公屏。,怕看着便宜很正常。小苏不跟你讲虚的：灯的差别不只是外观，更在光的舒适度、稳定性和用料做工。你把参数（色温、显指、质保3年）和我的服务讲清楚，再决定买不买。有问题打在公屏，小苏优先解答。,质保3年；平台7天无理由退换（安装后不支持）。,憋单,怕质量不稳先说质保和做工,,2026/02/26,2026/02/27,憋单｜怕质量不稳先说质保和做工,"憋单,质量不稳,质保,做工,3年,用料",,,,,,
109,30-90,家人你要是卡在怕售后扯皮，小苏把话说透：平台7天无理由退换，但安装后不支持，规则我先讲清楚，免得后面扯皮。,家人们售后别怕扯皮，规则我先说清：平台7天无理由退换（安装后不支持），到货先验货再装。你不确定就拍给我，我先帮你把风险点排掉。,售后这块你放心，小苏一直在。规则我也提前说清：平台7天无理由退换，但安装后不支持退换。所以你收到货先别急着装，先把尺寸、款式、色温确认好；需要我核对的直接拍照发我。质保是3年，后续有任何问题先联系小苏，咱们先沟通先解决，尽量不让你多跑一趟。,质保3年；平台7天无理由退换（安装后不支持）。,憋单,怕售后扯皮先说规则清晰,,2026/02/26,2026/02/27,憋单｜怕售后扯皮先说规则清晰,"憋单,售后扯皮,规则清晰,7天,退换,明确",,,,,,
110,30-90,家人你要是卡在怕安装出错，小苏把话说透：先拍你家原灯/孔位，我判断要不要电工、难不难，别你自己瞎猜。,家人们安装最怕“装到一半发现不匹配”。你拍一下原灯底座/孔距/线头，我先帮你判断：能不能直接替换、要不要改孔加固，确认了再下单更稳。,安装麻烦这个顾虑很正常。小苏不让你盲拍：你拍一下原灯位置/天花，换灯一般就是对孔位对线色，吸顶和大部分吊灯都不复杂；筒射主要看开孔尺寸。你担心额外费用，我也提前跟你算：要不要电工、要不要改孔，我先给你判断清楚，你确认能接受再下单，省得后面麻烦。,质保3年；平台7天无理由退换（安装后不支持）。,憋单,怕安装出错先说风险提示,,2026/02/26,2026/02/27,憋单｜怕安装出错先说风险提示,"憋单,安装出错,风险提示,步骤,对孔位,电工",,,,,,
111,30-90,家人你要是卡在怕不合适，小苏把话说透：先测试再装，通电看效果，不满意再退，省得后面折腾。,家人们怕不合适就按我说的做：到货先通电试光，确认色温和亮度喜欢再装；不喜欢7天内按规则走（安装后不支持）。你公屏发【房间+面积+层高】，我先帮你把方向配准。,怕装完不舒服很正常。小苏建议你先测试再装：收到货先通电看色温、亮度和出光方式，再决定装不装。如果你觉得不舒服，7天内按平台规则退。但重点是：装之前先把尺寸、款式、色温确认好，别装了再改。,质保3年；平台7天无理由退换（安装后不支持）。,憋单,怕不合适先说先测后装,,2026/02/26,2026/02/27,憋单｜怕不合适先说先测后装,"憋单,怕不合适,先测后装,测试,到好确认,不满意",,,,,,
112,30-90,家人你要是卡在怕后面涨价，小苏把话说透：现在下单最划算，后面可能会涨价，名额有限。,家人们我不硬催单，但福利价一般都是限时的。你要是确定要装这间房，就先拍一单锁住价格；不确定的，把【房间+面积+层高】发我，我先帮你把尺寸和色温定下来再拍。,怕后面涨价很正常。小苏不跟你讲虚的：灯的差别不只是外观，更在光的舒适度、稳定性和用料做工。你告诉我预算大概是多少，我按你家情况给你推荐：要性价比的我给你更省的，要追求质感耐用的我把参数和3年质保给你对齐。现在下单更划算，名额有限。,质保3年；平台7天无理由退换（安装后不支持）。,憋单,怕后面涨价先说限时,,2026/02/26,2026/02/27,憋单｜怕后面涨价先说限时,"憋单,怕涨价,限时,最后机会,库存紧张,名额有限",,,,,,
113,30-90,家人你要是卡在怕后面涨价，小苏把话说透：现在下单最划算，名额有限，手慢无。,家人们名额这块我说句实话：有需要的先拍先锁价，后面你再慢慢选安装时间。怕选错的，先把【房间+面积+层高】发我，我把灯型和色温先对上。,怕后面涨价很正常。小苏不跟你讲虚的：灯的差别不只是外观，更在光的舒适度、稳定性和用料做工。你告诉我预算大概是多少，我按你家情况给你推荐：要性价比的我给你更省的，要追求质感耐用的我把参数和3年质保给你对齐。现在下单最划算，名额有限，手慢无。,质保3年；平台7天无理由退换（安装后不支持）。,憋单,怕后面涨价先说名额有限,,2026/02/26,2026/02/27,憋单｜怕后面涨价先说名额有限,"憋单,怕涨价,名额有限,库存紧张,最后机会,最后几张",,,,,,
114,30-90,家人你要是卡在怕后面涨价，小苏把话说透：现在下单最划算，最后机会，库存紧张。,家人们最后机会这种我不吓人，但真要买就别拖：你先拍一单把优惠锁住；需要我帮你确认尺寸/孔位的，拍现场给我，我先给你把“能不能装”说清。,怕后面涨价很正常。小苏不跟你讲虚的：灯的差别不只是外观，更在光的舒适度、稳定性和用料做工。你告诉我预算大概是多少，我按你家情况给你推荐：要性价比的我给你更省的，要追求质感耐用的我把参数和3年质保给你对齐。现在下单最划算，最后机会，库存紧张。,质保3年；平台7天无理由退换（安装后不支持）。,憋单,怕后面涨价先说最后机会,,2026/02/26,2026/02/27,憋单｜怕后面涨价先说最后机会,"憋单,怕涨价,最后机会,库存紧张,名额有限,最后几张",,,,,,
115,90-180,这位家人眼光真到位！你选的是省心+百搭型，以后换装修、换风格都合适。,家人们你这个也是“省心百搭”型，越用越顺眼。你家层高多少？装餐厅还是客厅？公屏打一下，我顺手把尺寸和下吊高度给你算明白，装出来才好看。,家人你这个选择很稳，小苏给你点个赞。选灯最怕只看图片不看效果，你能选到这种省心、百搭的款式，说明你更在意长期使用的舒适度。你把层高和餐桌/客厅尺寸告诉我，我把尺寸、下吊高度这些给你算一下，装出来才会好看又不压层高。,质保3年；平台7天无理由退换（安装后不支持）。,赞眼光,选得很准（省心+百搭）,,2026/02/26,2026/02/27,赞眼光｜选得很准（省心+百搭）,"赞眼光,选得很准,省心+百搭,省心型,百搭款",,,,,,
116,90-180,这位家人眼光真到位！你选的是省心+耐看型，越用越舒服、越看越顺眼。,家人们耐看这事儿很重要，灯不是网红一阵风，是每天都要用。你更喜欢【清爽/温馨】？公屏打一下，我把色温怎么配给你一句话讲明白。,家人你这个选择很稳，小苏给你点个赞。选灯最怕只看图片不看效果，你能选到这种省心、耐看的款式，说明你更在意长期使用的舒适度。到手记得先确认尺寸和色温，不确定就拍给我，我帮你核对好再安装，省得来回折腾。,质保3年；平台7天无理由退换（安装后不支持）。,赞眼光,选得很准（省心+耐看）,,2026/02/26,2026/02/27,赞眼光｜选得很准（省心+耐看）,"赞眼光,选得很准,省心+耐看,省心型,耐看型",,,,,,
117,90-180,这位家人眼光真到位！你选的是省心+耐用型，长期用下来舒服又省心。,家人们想要耐用就别只看颜值，做工和稳定性才是关键。咱们质保3年，你用着有问题直接找我。你现在更在意【耐用/不刺眼/好装】哪一个？打在公屏我先讲。,家人你这个选择很稳，小苏给你点个赞。选灯最怕只看图片不看效果，你能选到这种省心、耐用的款式，说明你更在意长期使用的舒适度。到手记得先确认尺寸和色温，不确定就拍给我，我帮你核对好再安装，省得来回折腾。,质保3年；平台7天无理由退换（安装后不支持）。,赞眼光,选得很准（省心+耐用）,,2026/02/26,2026/02/27,赞眼光｜选得很准（省心+耐用）,"赞眼光,选得很准,省心+耐用,省心型,耐看型",,,,,,
118,90-180,这位家人眼光真到位！你选的是省心+省事型，不用你做功课，我按你家情况配好。,家人们省事的核心就是：别让自己瞎研究。你把【房间+面积+层高+预算】发我，我直接给你两套方案，你挑顺眼的就行。,家人你这个选择很稳，小苏给你点个赞。选灯最怕只看图片不看效果，你能选到这种省心、省事的款式，说明你更在意长期使用的舒适度。到手记得先确认尺寸和色温，不确定就拍给我，我帮你核对好再安装，省得来回折腾。,质保3年；平台7天无理由退换（安装后不支持）。,赞眼光,选得很准（省心+省事）,,2026/02/26,2026/02/27,赞眼光｜选得很准（省心+省事）,"赞眼光,选得很准,省心+省事,省心,不麻烦,靠谱",,,,,,
119,90-180,这位家人眼光真到位！你选的是省心+省事型，不用你做功课，我按你家情况配好。,家人们你这个选得就属于“省心省事”。我再给你一句：到货先对尺寸、对色温、通电试一下再装，省得后面来回折腾。,家人你这个选择很稳，小苏给你点个赞。选灯最怕只看图片不看效果，你能选到这种省心、省事的款式，说明你更在意长期使用的舒适度。到手记得先确认尺寸和色温，不确定就拍给我，我帮你核对好再安装，省得来回折腾。,质保3年；平台7天无理由退换（安装后不支持）。,赞眼光,选得很准（省心+省事）,,2026/02/26,2026/02/27,赞眼光｜选得很准（省心+省事）,"赞眼光,选得很准,省心+省事,省心,不麻烦,靠谱",,,,,,
120,90-180,这位家人眼光真到位！你选的是省心+省事型，不用你做功课，我按你家情况配好。,家人们你们别潜水，打个字我就能帮你省一小时做功课：装哪间房？面积多大？层高多少？你回这三样，我把灯型和色温直接给你配好。,家人你这个选择很稳，小苏给你点个赞。选灯最怕只看图片不看效果，你能选到这种省心、省事的款式，说明你更在意长期使用的舒适度。到手记得先确认尺寸和色温，不确定就拍给我，我帮你核对好再安装，省得来回折腾。,质保3年；平台7天无理由退换（安装后不支持）。,赞眼光,选得很准（省心+省事）,,2026/02/26,2026/02/27,赞眼光｜选得很准（省心+省事）,"赞眼光,选得很准,省心+省事,省心,不麻烦,靠谱",,,,,,
121,90-180,这位家人眼光真到位！你选的是省心+省事型，不用你做功课，我按你家情况配好。,家人们我夸一句你眼光真在线，这种选法叫“稳”。我顺便送你个小技巧：看灯别只看白天，晚上开灯看一次才知道舒不舒服。你家更喜欢【清爽/温馨】？公屏打一下，我把色温给你定到位。,家人你这个选择很稳，小苏给你点个赞。选灯最怕只看图片不看效果，你能选到这种省心、省事的款式，说明你更在意长期使用的舒适度。到手记得先确认尺寸和色温，不确定就拍给我，我帮你核对好再安装，省得来回折腾。,质保3年；平台7天无理由退换（安装后不支持）。,赞眼光,选得很准（省心+省事）,,2026/02/26,2026/02/27,赞眼光｜选得很准（省心+省事）,"赞眼光,选得很准,省心+省事,省心,不麻烦,靠谱",,,,,,
122,90-180,这位家人眼光真到位！你选的是省心+省事型，不用你做功课，我按你家情况配好。,家人们你这个就属于“买回去不后悔”的那种。下单前我提醒一句：孔距/尺寸先量清楚，不确定就拍原灯底盘给我，我先帮你确认能不能直接替换。,家人你这个选择很稳，小苏给你点个赞。选灯最怕只看图片不看效果，你能选到这种省心、省事的款式，说明你更在意长期使用的舒适度。到手记得先确认尺寸和色温，不确定就拍给我，我帮你核对好再安装，省得来回折腾。,质保3年；平台7天无理由退换（安装后不支持）。,赞眼光,选得很准（省心+省事）,,2026/02/26,2026/02/27,赞眼光｜选得很准（省心+省事）,"赞眼光,选得很准,省心+省事,省心,不麻烦,靠谱",,,,,,
123,90-180,这位家人眼光真到位！你选的是省心+省事型，不用你做功课，我按你家情况配好。,家人们这种款越看越顺眼，属于耐看型。你家墙面偏白还是偏灰？墙面颜色会影响你看到的灯色，公屏打【白/灰/木色】，我帮你把色温往更耐看的方向调。,家人你这个选择很稳，小苏给你点个赞。选灯最怕只看图片不看效果，你能选到这种省心、省事的款式，说明你更在意长期使用的舒适度。到手记得先确认尺寸和色温，不确定就拍给我，我帮你核对好再安装，省得来回折腾。,质保3年；平台7天无理由退换（安装后不支持）。,赞眼光,选得很准（省心+省事）,,2026/02/26,2026/02/27,赞眼光｜选得很准（省心+省事）,"赞眼光,选得很准,省心+省事,省心,不麻烦,靠谱",,,,,,
124,90-180,这位家人眼光真到位！你选的是省心+省事型，不用你做功课，我按你家情况配好。,家人们你选得很省心。小苏给你一个“少折腾公式”：先定房间用途→再定色温→最后确认尺寸/安装方式。你装哪间房？公屏打【客厅/卧室/餐厅】，我按场景给你一句话建议。,家人你这个选择很稳，小苏给你点个赞。选灯最怕只看图片不看效果，你能选到这种省心、省事的款式，说明你更在意长期使用的舒适度。到手记得先确认尺寸和色温，不确定就拍给我，我帮你核对好再安装，省得来回折腾。,质保3年；平台7天无理由退换（安装后不支持）。,赞眼光,选得很准（省心+省事）,,2026/02/26,2026/02/27,赞眼光｜选得很准（省心+省事）,"赞眼光,选得很准,省心+省事,省心,不麻烦,靠谱",,,,,,
125,90-180,这位家人眼光真到位！你选的是省心+省事型，不用你做功课，我按你家情况配好。,家人们我说个装修小玄学：家里“亮堂”了，人心情真的会更好。你现在最想解决的是【刺眼/不够亮/安装】哪一个？公屏打1/2/3，我就按你最卡的点讲。,家人你这个选择很稳，小苏给你点个赞。选灯最怕只看图片不看效果，你能选到这种省心、省事的款式，说明你更在意长期使用的舒适度。到手记得先确认尺寸和色温，不确定就拍给我，我帮你核对好再安装，省得来回折腾。,质保3年；平台7天无理由退换（安装后不支持）。,赞眼光,选得很准（省心+省事）,,2026/02/26,2026/02/27,赞眼光｜选得很准（省心+省事）,"赞眼光,选得很准,省心+省事,省心,不麻烦,靠谱",,,,,,
126,90-180,这位家人眼光真到位！你选的是省心+省事型，不用你做功课，我按你家情况配好。,家人们这类灯属于“放哪都不出错”。你要是纠结，我就问你一句：层高多少？层高2米6左右优先贴顶更舒服；层高够想氛围再考虑造型。公屏打【层高】我给你定。,家人你这个选择很稳，小苏给你点个赞。选灯最怕只看图片不看效果，你能选到这种省心、省事的款式，说明你更在意长期使用的舒适度。到手记得先确认尺寸和色温，不确定就拍给我，我帮你核对好再安装，省得来回折腾。,质保3年；平台7天无理由退换（安装后不支持）。,赞眼光,选得很准（省心+省事）,,2026/02/26,2026/02/27,赞眼光｜选得很准（省心+省事）,"赞眼光,选得很准,省心+省事,省心,不麻烦,靠谱",,,,,,
127,90-180,这位家人眼光真到位！你选的是省心+省事型，不用你做功课，我按你家情况配好。,家人们你这个选得很“聪明”，因为它不挑风格。下单后到货记得先通电试一下色温和亮度，确认满意再安装；平台7天无理由退换（安装后不支持），咱们先稳一把。,家人你这个选择很稳，小苏给你点个赞。选灯最怕只看图片不看效果，你能选到这种省心、省事的款式，说明你更在意长期使用的舒适度。到手记得先确认尺寸和色温，不确定就拍给我，我帮你核对好再安装，省得来回折腾。,质保3年；平台7天无理由退换（安装后不支持）。,赞眼光,选得很准（省心+省事）,,2026/02/26,2026/02/27,赞眼光｜选得很准（省心+省事）,"赞眼光,选得很准,省心+省事,省心,不麻烦,靠谱",,,,,,
128,90-180,这位家人眼光真到位！你选的是省心+省事型，不用你做功课，我按你家情况配好。,家人们我来个小互动：你家是“全屋偏白”还是“偏暖”？公屏打【白/暖】，我就能把客厅卧室怎么配光给你讲明白，听完你就不纠结了。,家人你这个选择很稳，小苏给你点个赞。选灯最怕只看图片不看效果，你能选到这种省心、省事的款式，说明你更在意长期使用的舒适度。到手记得先确认尺寸和色温，不确定就拍给我，我帮你核对好再安装，省得来回折腾。,质保3年；平台7天无理由退换（安装后不支持）。,赞眼光,选得很准（省心+省事）,,2026/02/26,2026/02/27,赞眼光｜选得很准（省心+省事）,"赞眼光,选得很准,省心+省事,省心,不麻烦,靠谱",,,,,,
129,180-240,家人到货先别急着装，花3分钟开箱检查：外观、配件、功能先确认，省得装完才发现不合适。,家人们到货先别急着装，先做个“开箱三连”：外观有没有磕碰→配件齐不齐→通电试色温亮度。确认没问题再装最省心，平台7天无理由退换（安装后不支持）。,家人们到货第一件事别急着装，小苏建议你按这套“开箱三步走”：1）外观有没有磕碰划痕；2）配件（螺丝/底盘/说明书）齐不齐；3）通电试一下色温和亮度是不是你要的。平台是7天无理由退换，但安装后不支持，所以先验后装最省心。有不确定的拍照发我，我帮你一起核对。,质保3年；平台7天无理由退换（安装后不支持）。,售后,到货验货流程,,2026/02/26,2026/02/27,售后｜到货先做开箱检查（3分钟搞定）,"售后,到货验货,开箱检查,先验后装,省心",,,,,,
130,180-240,到货如果有磕碰别慌，先别安装，按我说的拍照留证，我带你按平台流程处理。,家人们如果外观有磕碰/灯罩有裂纹，先别装！第一时间拍外箱+产品细节留证，再把订单号发我，我带你按平台流程处理更快。,家人到货如果发现外壳磕碰、灯罩裂纹、配件缺失，先别急着安装。第一步：外箱+产品细节多角度拍照/小视频留证；第二步：把订单号和照片发我，我告诉你走哪个处理入口更快。平台7天无理由退换（安装后不支持），咱们先把证据留好，处理起来更省心。,质保3年；平台7天无理由退换（安装后不支持）。,售后,物流破损/外观瑕疵,,2026/02/26,2026/02/27,售后｜有磕碰别慌（拍照留证按流程走）,"售后,物流破损,外观瑕疵,拍照留证,处理流程",,,,,,
131,180-240,装之前先核对：尺寸、孔位/开孔、层高下吊，这一步做好能少一半麻烦。,家人们装灯前我再强调一遍：先核对尺寸/孔位/下吊高度，别装到一半才发现不合适。你不确定就拍现场给我，我先帮你把“能不能装、要不要改”讲明白。,家人们装灯前一定先核对三个点：1）灯体尺寸是否适配你家位置（尤其餐桌灯/镜前灯）；2）筒射/嵌入式看开孔尺寸是否匹配；3）吊灯看下吊高度会不会压层高。平台7天无理由退换但安装后不支持，所以这一步做完再装最稳。不确定就拍现场给我，小苏帮你判断。,质保3年；平台7天无理由退换（安装后不支持）。,售后,安装前核对尺寸/孔位,,2026/02/26,2026/02/27,售后｜安装前核对尺寸/孔位（避免返工）,"售后,安装前,核对尺寸,孔位,开孔,避免返工",,,,,,
132,180-240,如果你觉得灯偏黄/偏白，先别急退，告诉我装在哪间房、你家墙面啥色，我先帮你判断是不是色温不匹配。,家人们色温觉得偏黄/偏白先别急退，先看装在哪个房间、墙面是什么颜色。你公屏打【房间+墙色】，我先帮你判断是不是搭配问题，调整一下可能就顺眼了。,家人们色温“看着不对劲”很多时候不是灯坏了，而是房间用途和墙面颜色影响。你告诉我装在客厅还是卧室、墙面是白墙还是偏灰/偏暖、家里更喜欢清爽还是温馨，我先给你判断色温和搭配是不是合适；如果确实不合适，7天内按平台规则处理，但记得安装后不支持无理由退换，所以尽量先确认再安装。,质保3年；平台7天无理由退换（安装后不支持）。,售后,色温不习惯怎么办,,2026/02/26,2026/02/27,售后｜觉得偏黄/偏白？先按房间判断,"售后,色温,不习惯,偏黄偏白,调整建议",,,,,,
133,180-240,遥控不灵敏先别急，先换电池/重新配对一下，90%的问题两步就能解决。,家人们遥控不灵敏先别急，先换电池、再断电重启/重新配对一次，很多问题两步就解决。你把现象发我（偶尔失灵还是完全不亮），我带你排查。,家人如果遇到遥控不灵敏/反应慢，先别急着判定质量问题：第一步先确认电池电量和正反极；第二步按说明做一次重新配对/断电重启。你把型号和现象（是偶尔失灵还是完全不亮）发我，我一步步带你排查。质保3年，有问题咱们按流程处理，但安装后不支持无理由退换，先排查更省心。,质保3年；平台7天无理由退换（安装后不支持）。,售后,遥控/开关不灵敏,,2026/02/26,2026/02/27,售后｜遥控/开关不灵敏（先做这2步排查）,"售后,遥控,开关,不灵敏,配对,排查",,,,,,
134,180-240,担心安装费的家人别猜，拍一下原灯位置/孔位和线头，我先帮你判断难度和是否要电工。,家人们安装要不要电工别猜，拍原灯位、孔距、线头（线色）给我，我先把难度和可能的安装费用给你判断出来，心里有数再装最稳。,家人们安装费用这块我建议你别自己瞎猜：你拍一下原灯位置、孔位、线头（线色）和天花材质，我就能先判断是直接换装、还是需要改孔/加固/找电工。这样你下单前就心里有数，避免后面“装不了/装起来贵”。平台7天无理由退换但安装后不支持，所以确认清楚再装更稳。,质保3年；平台7天无理由退换（安装后不支持）。,售后,安装费用/电工问题,,2026/02/26,2026/02/27,售后｜安装要不要电工？拍现场我先判断,"售后,安装费用,电工,孔位,线色,提前判断",,,,,,
135,180-240,灯用久了会积灰，清洁别用强腐蚀的，干布/微湿布擦就行，细节我教你。,家人们清洁灯具别用强腐蚀的，软布/微湿布轻擦就行；吸顶灯注意别让水进电气部分。你是哪种灯型？公屏打【吸顶/吊灯/壁灯/筒射】，我给你更具体的清洁注意点。,家人们灯具清洁建议用干净的软布或微湿布轻擦，避免用强腐蚀清洁剂；金属/烤漆表面别大力来回搓，容易留痕。吊灯建议定期擦拭灯体和吊线，吸顶灯注意别把水渗进电气部分。你告诉我你买的是哪种灯型（吸顶/吊灯/壁灯/筒射），我给你更具体的清洁注意点。,质保3年；平台7天无理由退换（安装后不支持）。,售后,清洁保养,,2026/02/26,2026/02/27,售后｜清洁小技巧（不伤表面）,"售后,清洁,保养,灯罩,积灰,注意事项",,,,,,
136,180-240,家人们质保是3年，后面有任何问题别自己硬扛，截图订单+拍视频发我，我带你走流程。,家人们质保3年这事儿你记住：出问题先别拆，先拍视频把现象录清楚（开关过程+灯的状态），再截图订单发我，我带你走流程更快。,家人们售后质保这块我给你说清楚：质保3年。后续如果出现不亮/异常闪烁/功能异常，你先做两件事：1）截图订单信息；2）拍一段短视频把现象录清楚（开关过程、灯的状态）。发我之后我会告诉你按哪个入口提交更快、需要哪些信息，尽量一次提交就解决。,质保3年；平台7天无理由退换（安装后不支持）。,售后,质保怎么走,,2026/02/26,2026/02/27,售后｜质保3年怎么走（这条收藏）,"售后,质保,3年,报修流程,凭证,省心",,,,,,
137,180-240,最后再提醒一次：平台7天无理由退换，但安装后不支持，所以到手先确认再装，别给自己增加麻烦。,家人们再提醒一次：平台7天无理由退换（安装后不支持）。所以到货先对尺寸/色温/配件，通电试一下满意再装，不满意先沟通，别给自己增加麻烦。,家人们小苏再强调一次不是吓你：平台支持7天无理由退换，但安装后不支持。所以你收到货先别急着装，先确认尺寸、款式、色温、配件，再通电试一下效果；不确定就拍给我确认。这样你最省心，也避免来回折腾。,质保3年；平台7天无理由退换（安装后不支持）。,售后,安装后不支持无理由再次强调,,2026/02/26,2026/02/27,售后｜再提醒一次：确认好再安装,"售后,安装后不支持,再提醒,先确认,省心",,,,,,
138,180-240,家人们下单后把订单截图先留好，后面要查质保/处理问题会更快。,家人们下单后把订单截图留好：订单号、型号、收货信息保存一下，后面核对参数/走质保会更快。你不确定的也可以随时发我，我帮你对。,家人们小苏给你一个小提醒：下单后把订单信息截图保存一下（订单号/型号/收货信息），后续如果需要咨询参数、核对安装、走质保处理，信息齐全会更快。质保是3年，有问题先把现象拍视频+订单截图发我，我带你按流程处理。,质保3年；平台7天无理由退换（安装后不支持）。,售后,发票/质保凭证提醒,,2026/02/26,2026/02/27,售后｜订单截图先留好（后续处理更快）,"售后,凭证,订单截图,质保,留存,售后更快",,,,,,
139,收尾-结束前5分钟,家人们收尾前我三句话复盘：房间用途定色温、出光方式避眩光、安装前先确认。你下次最想听客厅还是卧室？打1/2。,家人们我三句话复盘：用途定方向、色温定感觉、防眩定舒适。你下次最想听【客厅】还是【卧室】？公屏打“客厅/卧室”，我按票数安排。,家人们收尾前小苏三句话给你复盘：第一，先按房间用途定色温；第二，看出光方式，尽量避免直射刺眼；第三，到手先确认尺寸/色温再安装，省得售后麻烦。下次直播我准备把【客厅主灯怎么选】和【卧室不刺眼怎么配】拆开讲，你更想先听哪块？公屏打“客厅”或“卧室”，我按大家投票来。,质保3年；平台7天无理由退换（安装后不支持）。,结尾,复盘+互动提问,,2026/02/26,2026/02/27,结尾｜三句话复盘+问你最想听哪块,"结尾,复盘,互动提问,关注,下次预告",,,,,,
140,收尾-结束前5分钟,家人们今天先到这儿，点个关注/收藏不迷路，回放把参数和避坑再看一遍，下一场我把客厅卧室方案讲透。,家人们没听全的别急，回放你随时能看。点个关注/收藏不迷路，等你真要选灯了把户型发我，我继续给你配，省你做功课。,家人们感谢今天陪到最后。没听全的家人别急，点个关注/收藏不迷路，回放你随时能看，尤其是色温、显指、眩光这块我讲得很细。下次直播我会按户型把客厅/卧室/餐厅的配灯方案做成“对号入座”版本，你把面积和层高发我也行，我下次优先帮你配。,质保3年；平台7天无理由退换（安装后不支持）。,结尾,关注/收藏引导,,2026/02/26,2026/02/27,结尾｜关注/收藏不迷路（回放可看）,"结尾,关注,收藏,回放,不迷路",,,,,,
141,收尾-结束前5分钟,下次直播我专门讲客厅：主灯和无主灯到底怎么选、不踩坑的搭配思路一次讲清，家人们记得来。,家人们我先给你们做个预告：下次专讲【客厅】——主灯/无主灯怎么选、层高低怎么做不压、怎么配才显大。你现在客厅多大平、层高多少？公屏打【客厅+面积+层高】，我下次直接拿你家当案例讲，保证听得懂。,家人们今天先收尾啦。下次直播小苏准备把【客厅】单独拎出来讲：主灯/无主灯怎么选、层高低怎么做不压、家里有孩子怎么配更舒服。你把客厅面积和层高先发我，我下次直接拿你的问题做案例讲，讲得更接地气。记得点关注不迷路。,质保3年；平台7天无理由退换（安装后不支持）。,结尾,下次主题预告（客厅）,,2026/02/26,2026/02/27,结尾｜下次预告：客厅主灯/无主灯怎么选,"结尾,预告,下次直播,客厅,主灯,无主灯",,,,,,
142,收尾-结束前5分钟,下次直播我专门讲卧室：怎么配到“不刺眼、睡前舒服”，色温和出光方式一套给你讲明白。,家人们卧室灯我一句话：宁可柔一点，也别白得晃眼。下次我专讲【卧室不刺眼】怎么配：色温、出光、防眩一次讲透。你家卧室多少平？公屏打【卧室+面积+层高】，我给你先预判适合吸顶还是壁灯/台灯搭配。,家人们今天辛苦啦，收尾前给你预告一下：下次直播小苏专讲【卧室不刺眼】——色温怎么选更舒服、吸顶/吊灯/壁灯怎么搭、开灯不晃眼的关键点是什么。你家卧室面积和层高发我，我下次按你家情况给你配，省你自己做功课。,质保3年；平台7天无理由退换（安装后不支持）。,结尾,下次主题预告（卧室）,,2026/02/26,2026/02/27,结尾｜下次预告：卧室不刺眼怎么配,"结尾,预告,下次直播,卧室,不刺眼,色温",,,,,,
143,收尾-结束前5分钟,家人们如果还有问题别憋着，直接留在评论：房间+面积+层高+你担心啥，我下次直播优先给你解。,家人们别不好意思问，灯这块最怕你们憋着。你把问题留在评论区按格式来：【房间+面积+层高+你担心啥（刺眼/安装/价格）】我下一场优先翻牌解答，保证不让你白蹲。,家人们收尾啦。没来得及问的问题，你就把信息留在评论区：装哪间房、面积多大、层高多少、你最担心的是刺眼/安装/值不值哪一块。小苏会把大家最集中的问题整理出来，下次直播按优先级一条条解，保证你听得懂、用得上。,质保3年；平台7天无理由退换（安装后不支持）。,结尾,评论区提问收集,,2026/02/26,2026/02/27,结尾｜把你的问题留在评论（下次优先答）,"结尾,提问收集,评论区,下次解答,互动",,,,,,
144,收尾-结束前5分钟,家人们想要我刚讲的选灯避坑清单，公屏打“清单”，我给你发参数表，照着选更省心。,家人们想要我整理的【选灯避坑清单】的，公屏打“清单”。清单里我把：客厅/卧室/餐厨色温怎么选、怎么避眩光、安装前核对哪些，全部写成一页纸，照着选就不容易翻车。,家人们收尾前给你一个福利：我把今天讲的“选灯避坑清单”整理成了表格（色温怎么选、显指看多少、怎么避眩光、安装前核对哪些）。想要的家人公屏打“清单”，或者在评论留“清单+房间”，我就按你家的房间顺手给你标注建议。记得点关注不迷路，回放也能反复看。,质保3年；平台7天无理由退换（安装后不支持）。,结尾,福利资料领取（清单）,,2026/02/26,2026/02/27,结尾｜要清单的打“清单”（我发你避坑表）,"结尾,清单,避坑,参数,怎么领取,关注",,,,,,
145,收尾-结束前5分钟,家人们下单前最后核对3件事：尺寸/开孔、色温、安装方式；确认完再装，后面少折腾。,家人们下单前我帮你再过一遍“最后三核对”：尺寸/开孔对不对、色温喜不喜欢、安装方式匹不匹配。你不确定就拍现场（灯位+孔距）给我，我先把风险点排掉再拍，省得后面折腾。,家人们收尾前我再把“下单前必核对”讲一遍：第一看尺寸/开孔（嵌入式尤其重要）；第二看色温是否适合房间；第三看安装方式（吸顶/吊装/壁装、是否需要打孔加固）。到手先确认再安装最稳，因为平台7天无理由退换（安装后不支持）。你把户型/面积/层高发我，我也可以顺手帮你做一次核对。,质保3年；平台7天无理由退换（安装后不支持）。,结尾,下单前最后核对点,,2026/02/26,2026/02/27,结尾｜下单前最后核对3件事,"结尾,下单前核对,尺寸,开孔,色温,省心",,,,,,
146,收尾-结束前5分钟,家人们回放我帮你标重点：色温怎么选、怎么避眩光、安装前核对，没听全的别急，回放补上。,家人们没听全的别急，回放我建议你重点看3段：色温怎么按房间选、怎么避眩光、安装前怎么核对尺寸/开孔。你收藏一下，等你真装修用得上。,家人们今天内容多，没听全的别焦虑，回放随时能看。我建议你回放重点盯三块：1）色温怎么按房间选；2）出光方式怎么避眩光更舒服；3）安装前怎么核对尺寸/开孔，避免后面麻烦。你关注/收藏一下不迷路，明天我也会在下一场把这些点再用案例讲一遍。,质保3年；平台7天无理由退换（安装后不支持）。,结尾,回放提醒+重点时间轴,,2026/02/26,2026/02/27,结尾｜回放重点我给你标好了,"结尾,回放,重点,时间轴,参数,避坑",,,,,,
147,收尾-结束前5分钟,家人们想让我帮你配灯，按格式发：房间+面积+层高+风格+预算，我就能给你一个更贴合的建议。,家人们想让我直接给你配灯的，按这个格式发我最快：①房间 ②面积 ③层高 ④风格（现代/奶油/原木）⑤预算 ⑥你最在意（不刺眼/要亮/要氛围）。信息齐，我一句话给你定方向。,家人们收尾前我说个最实用的：你想让我帮你配灯，信息越完整越省时间。你按这个格式发我：①房间（客厅/卧室/餐厅/卫生间）②面积③层高④风格（现代/奶油/原木…）⑤预算区间⑥你最在意的点（不刺眼/亮一点/氛围感）。我看到就按你的需求给你一个搭配思路，后面你看回放也更能对号入座。,质保3年；平台7天无理由退换（安装后不支持）。,结尾,帮配灯引导（信息收集）,,2026/02/26,2026/02/27,结尾｜想让我帮配灯？按这个格式发我,"结尾,配灯,信息收集,面积,层高,预算",,,,,,
148,收尾-结束前5分钟,家人们最后温柔催一波：点个关注就行，我不打扰你；你装修要选灯了，回来找小苏就行。,家人们最后温柔催一波：点个关注就行，我不打扰你。等你装修真要选灯了，回来找小苏，把户型一发，我继续帮你配，省你做功课。,家人们今天就到这儿啦。最后温柔催一波关注：你不用每天来看，我也不打扰你；等你装修真要选灯的时候，回来搜到我、把户型发我，我就能继续接着给你讲。下次直播我会按不同户型做案例，教你怎么选得更舒服、更耐看。,质保3年；平台7天无理由退换（安装后不支持）。,结尾,温柔催关注+不打扰承诺,,2026/02/26,2026/02/27,结尾｜关注一下，不打扰你（需要再来找我）,"结尾,关注,不打扰,需要再来,下次见",,,,,,
149,风扇灯,,家人们风扇灯我再补一句闲聊：这叫“一个顶两个”，灯+风合体，省空间还省事。你家装客厅还是卧室？层高多少？公屏打出来，我告诉你选多大更稳、风量够不够。想锁价的先拍购物车，拍完把层高发我我再帮你核对。,"家人们晚上好，刚进直播间的先帮我点个关注、点点赞，咱们今天不整虚的，直接讲一款最近卖得特别火的——智能风扇灯。

家人们你们想想：是不是很多家里还是“一个吊灯+一个落地扇”？开灯热、开风扇占地方，层高不高的还显得压。那这款风扇灯就是把两个东西合成一个：上面照明，下面送风，装一个顶两个。

先把优点说透：
第一，它是灯。色温能调，暖一点看电视舒服，白一点办公清爽，晚上开柔光不刺眼；亮度也能自己调，想亮想暗都行。
第二，它是风扇。风速有分档，睡觉用柔风、白天用自然风、热的时候开大风；而且它不只是吹风，春秋做空气循环、冬天配合空调让热气往下走，这个体验很多家人们装了才懂。
第三，它安静。直流变频电机，低档基本听不见，家人们别担心嗡嗡响。

适用场景我也给你说清：客厅、卧室、餐厅、儿童房都可以，尤其儿童房怕直吹的，这种是大范围柔风更舒服；扇叶还是隐藏式的，安全感也更强。

安装这块也别慌：你家原来是吸顶灯位的，大多数直接替换就行，正常电工都能装，不需要额外拉线。

家人们现在公屏告诉我：你是装客厅还是卧室？大概多少平、层高多少？我直接按你家情况告诉你选多大、够不够亮、风量够不够。想要的家人们直接看购物车链接，库存紧的，先拍先发。",质保3年；平台7天无理由退换（安装后不支持）。,灯饰介绍,,1,2026/02/27,2026/03/02,灯饰介绍｜风扇灯（灯风二合一）,"风扇灯,智能风扇灯,灯风二合一,隐藏扇叶,直流变频,客厅,卧室,儿童房,四季可用",,,,,,
150,吊灯,,家人们吊灯最怕两件事：压层高、尺寸不对。你别靠感觉，餐桌多长、层高多少？公屏打【餐桌长度+层高】，我直接给你算“吊多长、离地多高”不压头。确定要的家人先拍下单，尺寸我给你兜底核对。,"家人们晚上好，刚进来的点个关注别走，今天咱们把【吊灯】讲明白：怎么选才好看、怎么装才不压层高。

家人们你们有没有这种感觉：看别人家吊灯特别有氛围，自己一装，要么压头、要么太小像挂了个装饰、要么一开灯刺眼？吊灯好不好看，关键就三点。

第一看层高。层高不高（2米6左右）的家人们，尽量选短吊、贴顶感强一点的款式；层高够，你想要氛围感再上更有造型的。
第二看尺寸比例。餐厅吊灯不是越大越好，重点是跟餐桌尺寸匹配；你把餐桌长宽和离地高度发我，我给你把“买多大”直接算出来。
第三看光舒服不舒服。餐厅更看显色，饭菜看着更有食欲；客厅更看柔和，别坐沙发一抬头就晃眼。

吊灯最适合的位置：餐桌上方、客厅茶几上方、挑空楼梯间这些“需要氛围中心”的地方。

安装也别想复杂：大多数就是固定底盘、接线、调下吊高度。家人们担心装不了的，拍一下你家原灯位和层高，我先帮你判断能不能装、装了会不会压。

来，家人们公屏打一下：你装吊灯是餐厅还是客厅？层高多少？我按你家情况给你选款和尺寸，别花冤枉钱。",质保3年；平台7天无理由退换（安装后不支持）。,灯饰介绍,,1,2026/02/27,2026/03/02,灯饰介绍｜吊灯（完整示例）,"灯饰介绍,吊灯,餐厅灯,客厅灯,氛围感,下吊高度,选购避坑",,,,,,
151,吸顶灯,,"家人们别沉默，我怕你们一沉默我就开始讲装修冷知识了——讲着讲着你们就全想换灯。
这样，公屏告诉我：客厅还是卧室？面积多少？我给你们把吸顶灯尺寸直接报出来。","家人们晚上好，新进来的点个关注别走！今天咱们讲【吸顶灯】——它真的是最省心、最不挑户型的主灯。

家人们很多家里层高不高，装吊灯怕压、怕磕头，或者想要客厅看着干净利落，那吸顶灯就是稳。

吸顶灯怎么选才不踩坑？记住三句话：
第一，主灯要“亮而不刺眼”。别只追求亮，关键看光是不是均匀、会不会一抬头就晃。
第二，色温按房间来。客厅你想清爽就偏白一点，想温馨就偏暖一点；卧室建议偏暖更放松。纠结的家人们，选能调光调色的更省心。
第三，看安装是不是方便。你家原来是吸顶灯位的，大多数直接替换就行；孔位不确定的，拍给我，我帮你先确认。

适用场景：客厅主灯、卧室主灯、书房主灯都很合适。

家人们现在告诉我：你是装客厅还是卧室？大概多少平？你更想要清爽还是温馨？我按你家情况把尺寸和色温直接给你配好。",质保3年；平台7天无理由退换（安装后不支持）。,灯饰介绍,,1,2026/02/27,2026/03/02,灯饰介绍｜吸顶灯（完整示例）,"灯饰介绍,吸顶灯,层高低,主灯,均匀照明,三色调光,省心",,,,,,
152,壁灯,,"家人们我发现你们都很“有礼貌”——看壁灯都不说话。
没事，你们只要打两个字：床头/走廊。
我就直接告诉你：要上下洗墙还是阅读可调，别让你装完后悔。","家人们晚上好！今天给大家讲一个“装上立刻显高级”的——【壁灯】。

家人们是不是有这种情况：白天没感觉，晚上要么开大灯太亮太顶、要么不开灯又黑；想看电视、起夜、陪娃，就差一盏舒服的光。壁灯就是专门做“补光+氛围”的。

壁灯的好处很简单：它从侧面出光，天然更柔和，不容易刺眼；再加上它能把墙面打出层次，家里一下就有氛围。

选壁灯别踩坑，家人们记住：
第一，壁灯一般不是主照明，别指望一盏壁灯照亮全屋。
第二，看位置。床头要不要能调角度？走廊要不要上下洗墙？不同位置选法不一样。
第三，看预留。最好是装修时就留好电位；已经装完的也别慌，有些位置可以做插电款，但美观度会差一点。

适用场景：床头、走廊过道、玄关、沙发背景、电视墙都很加分。

来，家人们公屏告诉我：你想装壁灯是床头还是走廊？你要偏“实用阅读”还是偏“氛围高级”？我按你的用途给你推荐出光方向和款式。",质保3年；平台7天无理由退换（安装后不支持）。,灯饰介绍,,1,2026/02/27,2026/03/02,灯饰介绍｜壁灯（完整示例）,"灯饰介绍,壁灯,氛围灯,床头灯,走廊灯,不刺眼,辅助照明",,,,,,
153,台灯,,"家人们，直播间这么安静，我都以为你们在认真学习。
那我考一下：台灯最怕啥？——不是不亮，是刺眼+反光。
公屏打“孩子/自己”，我按用途给你们配台灯，别瞎买。 ","家人们晚上好！今天讲【台灯】——别小看它，台灯选对了，学习办公眼睛真能舒服很多。

家人们是不是也遇到过：主灯开着，桌面还是不够亮；或者亮是亮，但刺眼、反光、看久了累？台灯就是专门负责“桌面这一块任务光”的。

选台灯，家人们抓住三点就行：
第一，光要稳、要均匀。照在桌面别一块亮一块暗，别晃眼。
第二，显色要好。显色差的灯，看书发灰、画画颜色不准，化妆也容易翻车。
第三，色温要对。学习办公更适合自然一点的光；睡前阅读更适合暖一点的光。能调光调色的，用起来更顺手。

还有个小细节：灯头角度能不能调、灯臂稳不稳很关键，不然光落不到纸上，买回去就成摆设。

家人们现在公屏告诉我：你买台灯是给孩子写作业，还是自己办公阅读？桌子大概多宽？我按用途给你建议照明范围和功能要不要带调光。",质保3年；平台7天无理由退换（安装后不支持）。,灯饰介绍,,1,2026/02/27,2026/03/02,灯饰介绍｜台灯（完整示例）,"灯饰介绍,台灯,阅读灯,护眼,显指,色温,书房卧室",,,,,,
154,落地灯,,"家人们你们别不说话，我现在手里这盏落地灯一开，氛围感直接拉满。
你们要不要我现场给你们来一段：
“关主灯，开落地灯——人生立刻慢下来。”
想看阅读款还是氛围款？公屏打1/2。","家人们晚上好！今天讲【落地灯】——一句话：它是客厅氛围感的“快捷键”。

家人们你们有没有这种感觉：客厅主灯一开太亮太顶，关了又暗；想在沙发上看书、刷手机、陪娃，光怎么都不对。落地灯就是专门补“沙发旁边这一块”的。

落地灯的优势：不刺眼、很柔和，而且摆在角落/沙发边，晚上开着就很有家的感觉。

选落地灯，家人们重点看：
第一，底座稳不稳。家里有孩子有宠物的，这个必须稳。
第二，你要阅读还是要氛围。阅读型要灯头可调、光能落在书上；氛围型一般是向上打墙/打顶，整个空间会更温柔。
第三，放哪儿、插座在哪儿。落地灯最怕买回去发现线不够长、位置不顺。

家人们公屏告诉我：你准备放沙发边还是角落？你更需要“能看书的光”还是“纯氛围的光”？我按你家用途给你推荐出光方式和高度。",质保3年；平台7天无理由退换（安装后不支持）。,灯饰介绍,,1,2026/02/27,2026/03/02,灯饰介绍｜落地灯（完整示例）,"灯饰介绍,落地灯,客厅氛围,角落补光,阅读灯,不刺眼,高级感",,,,,,
155,筒灯,,"家人们我说个真事：筒灯最贵的不是灯，是开孔开错。
所以你们别潜水了，公屏打一下：孔径多大？7.5/9/10？
我先帮你们把“能不能装”确认了，省得返工。","家人们晚上好！今天讲【筒灯】——无主灯里用得最多，但也是最容易翻车的一类。

家人们筒灯一翻车通常就三件事：开孔不对装不上、光斑一坨一坨不均匀、还有就是眩光刺眼。

所以选筒灯，先把这几句记住：
第一，先量开孔！你家孔是多大就买多大，别凭感觉。已经开好孔的家人们，拍个尺子量给我看，我给你确认。
第二，防眩很关键。走廊过道一抬头就晃的那种真的难受，尽量选深杯/防眩设计。
第三，数量和间距要合理。筒灯不是越多越好，太多刺眼，太少又暗。你把区域面积和层高发我，我给你一个大概布灯思路。
第四，色温按区域选。厨房卫生间要更清晰一点，走廊玄关要更柔和一点，别全屋乱配。

筒灯更适合厨房、卫生间、走廊、玄关、衣帽间这些功能区。

家人们现在告诉我：你装筒灯是哪个区域？有没有已经开孔？孔径多少？我直接给你推荐更稳的款式和参数。",质保3年；平台7天无理由退换（安装后不支持）。,灯饰介绍,,1,2026/02/27,2026/03/02,灯饰介绍｜筒灯（完整示例）,"灯饰介绍,筒灯,嵌入式,开孔尺寸,无主灯,防眩,走廊厨房卫生间",,,,,,
156,射灯,,"家人们射灯这块我不怕你们问，就怕你们不问。
你们只要告诉我：你是想洗墙显高级，还是想照画/照柜子。
公屏打“洗墙/照物”，我马上给你们讲明白怎么选不晃眼。","家人们晚上好！今天讲【射灯】——它不是负责“照亮全屋”的，它是负责“让家更有层次、更好看”的。

很多家人们做无主灯，装完像办公室：亮是亮，但没有重点、没有氛围。射灯的作用就是：你想让哪里好看，它就把哪里照出来。

射灯怎么选才舒服？家人们记住三点：
第一，防眩。坐沙发看电视最怕被晃到，深杯、防眩结构很关键。
第二，角度可调。能调方向，才能照画、照柜子、洗墙，照歪了真的很尴尬。
第三，色温统一。射灯经常跟筒灯、灯带一起用，全屋色温不统一会显得很廉价。

适用场景：背景墙洗墙、装饰画、展示柜、玄关重点区，都是射灯的主场。

家人们公屏告诉我：你想用射灯照墙，还是照柜子/装饰画？我按用途给你建议角度、数量和怎么布点位更好看。",质保3年；平台7天无理由退换（安装后不支持）。,灯饰介绍,,1,2026/02/27,2026/03/02,灯饰介绍｜射灯（完整示例）,"灯饰介绍,射灯,重点照明,洗墙,氛围层次,无主灯,角度可调",,,,,,
157,象鼻灯,,"家人们卫生间镜前灯这块，我一句话：别让顶灯决定你的颜值。
公屏打一下你家镜子宽度（大概就行），我直接告诉你象鼻灯买多长最合适。","家人们晚上好！今天给大家讲【象鼻灯】——也叫镜前灯/镜柜灯，主打一个：照镜子更清楚、化妆更真实，脸上不出阴影。

家人们你们有没有发现：卫生间顶灯一开，镜子里脸色发灰、眼下黑一块，妆画完到外面一看就不一样了？这就是缺一盏“对的镜前光”。

象鼻灯选得好，关键就三点：
第一，显色要好。显色差的灯，肤色会偏黄偏灰，看起来很不精神。
第二，光要均匀。别只照到额头不照下巴，或者中间亮两边暗。
第三，长度要合适。镜子多宽，灯尽量覆盖主要照明区域，照得全才好用。

安装这块我也提前说：一般需要预留电位；如果你是镜柜自带灯，要看尺寸和电源位置。已经装修好的家人们也别慌，拍一下现场，我帮你看看能不能替换/加装。

来，家人们公屏打一下：你家镜子大概多宽？是镜柜还是普通镜？我直接告诉你选多长、选什么色温更自然。",质保3年；平台7天无理由退换（安装后不支持）。,灯饰介绍,,1,2026/02/27,2026/03/02,灯饰介绍｜象鼻灯（完整示例）,"灯饰介绍,象鼻灯,镜前灯,卫生间,化妆灯,显色,不阴影",,,,,,
158,折叠灯,,"家人们折叠灯这边我给你们一句大实话：
买灯最怕“买回去不好用”，折叠灯最怕“折两下就松”。
公屏打一下：你是学习用、床头用，还是当补光？我按用途给你挑。","家人们晚上好！今天讲【折叠灯】——它特别适合“空间小但需求多”的家。

家人们你们想想：同一个位置，有时候要照桌面学习，有时候想打到墙上做氛围，有时候又想收起来不占地方。折叠灯的优势就在：角度可调、用法更灵活。

折叠灯怎么选不踩坑？看三点：
第一，关节稳不稳。关节松的，用不了几天就垮，光照不准。
第二，照明范围够不够。你是书桌用还是床头用，照的范围不一样。
第三，光线舒不舒服。别买那种一开就刺眼的，最好有调光，用起来更顺。

适用场景也很广：书桌学习、床头阅读、柜体补光、临时拍视频/直播补光都能用。

来，家人们公屏告诉我：你买折叠灯主要是用在学习、床头，还是当补光？我按你的用途给你推荐更合适的款式和功能。",质保3年；平台7天无理由退换（安装后不支持）。,灯饰介绍,,1,2026/02/27,2026/03/02,灯饰介绍｜折叠灯（完整示例）,"灯饰介绍,折叠灯,可调角度,多功能,学习办公,床头,小空间",,,,,,
159,轨道灯,,"家人们轨道灯这块最适合“选择困难症”。
因为你先把轨道装上，后面灯头想照哪儿就挪哪儿。
公屏打一下：客厅还是餐厅？你想照墙还是照桌面？我给你出方案。","家人们晚上好！今天讲【轨道灯】——一句话：无主灯里最灵活的方案。

家人们你们有没有这种需求：现在家具还没定、以后可能换布局，或者你想要层次感，但又不想一开始就把灯位钉死。轨道灯就是先把轨道装上，后面灯头想照哪儿就移哪儿。

轨道灯的优势：
1）灯头可移动、角度可调，照画、照柜子、照餐桌都行。
2）更容易做重点照明，比单纯筒灯更有层次。
3）后期维护省心，想加灯头、换灯头都方便。

选轨道灯，家人们注意三点：
第一，防眩很关键，轨道灯很多时候在视线范围内，晃眼就难受。
第二，色温要统一，轨道灯+筒射+灯带搭配时，别一黄一白。
第三，轨道怎么走要看布局：一字型、L型、还是分段，跟你家重点区域有关。

家人们公屏告诉我：你想装在客厅还是餐厅？主要想照墙/画，还是照桌面？我按你家用途给你建议轨道长度和灯头数量。",质保3年；平台7天无理由退换（安装后不支持）。,灯饰介绍,,1,2026/02/27,2026/03/02,灯饰介绍｜轨道灯（完整示例）,"灯饰介绍,轨道灯,可移动,可调角度,无主灯,餐厅客厅,灵活布光",,,,,,
160,感应灯,,"家人们我发现你们都在潜水，没事，我给你们一个“夜里幸福感测试”：
起夜要不要摸黑找开关？要的话，感应灯就安排。
公屏告诉我装哪儿：玄关/走廊/床边/柜子，我给你选合适的。","家人们晚上好！今天讲【感应灯】——它真的是“装上就后悔装晚了”。

家人们想想：晚上起夜、走廊找开关、抱娃腾不开手，或者家里老人夜里上厕所最怕摸黑。感应灯的体验就是：你一靠近它自己亮，你走开它自己灭，省事又安全。

感应灯最适合装的位置：玄关、走廊过道、卫生间门口、床边、衣帽间/橱柜里面。

选感应灯别踩坑，家人们看三点：
第一，感应距离和灵敏度要合适，别老误触发，也别走到跟前才亮。
第二，光要柔。它主要是夜里用的，偏暖、低亮度更舒服，也不影响睡意。
第三，供电方式看你家条件：插电、充电、电池，各有适用位置。

来，家人们公屏告诉我：你想装感应灯是玄关、走廊还是床边/柜子？我按位置给你推荐选“柔光夜灯”还是“通行更亮”的。",质保3年；平台7天无理由退换（安装后不支持）。,灯饰介绍,,1,2026/02/27,2026/03/02,灯饰介绍｜感应灯（完整示例）,"灯饰介绍,感应灯,人体感应,夜灯,玄关走廊,起夜,安全",,,,,,
161,石膏灯,,"家人们石膏灯这块我先一句话：想要顶面干净高级，就得提前规划。
你们公屏打一下：层高多少？做不做无主灯？我给你把能不能做讲明白。","家人们晚上好！今天讲【石膏灯】——喜欢极简、奶油风、侘寂风的家人们，这个灯一做出来，顶面真的干净高级。

很多家人们怕装灯“突兀”，一抬头全是灯具，显得乱。石膏灯的特点就是：灯体藏进吊顶里，见光不见灯，整个空间看起来更利落。

但家人们我也提前把重点说清：石膏灯不是随便买回去就能装，它更吃“施工配合”。
第一，得跟吊顶/批刮/乳胶漆工序一起规划，提前留位置、留线。
第二，点位排布很重要。排得不好会出现照明不均，或者空间没层次。
第三，舒适度也要看防眩和出光角度，不是说藏起来就一定不刺眼。

适用场景：客厅、走廊、玄关、卧室都能做，尤其想做无主灯、追求顶面干净的家人们很合适。

家人们公屏告诉我：你家层高多少？准备做无主灯还是主灯+辅助？我按你家情况告诉你石膏灯要不要做、怎么做更稳。",质保3年；平台7天无理由退换（安装后不支持）。,灯饰介绍,,1,2026/02/27,2026/03/02,灯饰介绍｜石膏灯（完整示例）,"灯饰介绍,石膏灯,无主灯,嵌入式,极简,见光不见灯,吊顶",,,,,,
162,超薄灯,,"家人们超薄灯适合谁？一句话：层高不高、又想要清爽利落的。
公屏打一下：你家层高大概多少？装客厅还是卧室？我直接给你配尺寸。","家人们晚上好！今天讲【超薄灯】——层高不高、想要顶面更利落的家人们，这个真的很友好。

家人们你们有没有这种感觉：明明装的是吸顶灯，但灯体厚厚一坨，顶面看着就压？超薄灯的优势就是：更贴顶、更轻盈，空间一下显得通透。

选超薄灯，家人们别只盯“薄”，重点看三点：
第一，光要均匀。别出现中间亮、边缘暗，主灯一定要照得匀。
第二，色温要合适。客厅想清爽、卧室想放松，最好能调光调色更省心。
第三，安装匹配。看你家原灯位孔距/底盘能不能直接替换，不确定就拍给我，我先帮你确认。

适用场景：客厅、卧室、书房主灯都很合适。

家人们公屏告诉我：你家层高大概多少？装客厅还是卧室？面积多少平？我按你家情况给你建议选多大尺寸、选什么色温。",质保3年；平台7天无理由退换（安装后不支持）。,灯饰介绍,,1,2026/02/27,2026/03/02,灯饰介绍｜超薄灯（完整示例）,"灯饰介绍,超薄灯,层高低,不压顶,贴顶,极简,吸顶灯",,,,,,
163,斗胆灯,,"家人们斗胆灯就是“高级感专用”。
你们别不说话，公屏打一下：你是要洗墙，还是照画/照柜？我给你讲怎么选不晃眼。","家人们晚上好！今天讲【斗胆灯】——你就把它当成“更高级、更防眩”的重点照明。

家人们做无主灯最怕啥？要么刺眼晃眼，要么装完没质感。斗胆灯的优势就是深杯结构，光更聚、眩光更少，用来洗墙、照画、照柜子特别出效果。

斗胆灯适合用在哪儿？
- 电视墙/背景墙洗墙
- 装饰画、展示柜、酒柜、手办墙
- 玄关重点区
它不是主灯，它是“把重点照出来”的。

选斗胆灯，家人们看三点：
第一，防眩结构要到位。深杯不等于一定不晃，还是要看遮光角。
第二，用途决定角度。你要洗墙还是照物，角度不一样，效果差很多。
第三，色温要统一。跟全屋筒灯、灯带搭配，别一黄一白。

家人们公屏告诉我：你家斗胆灯主要想用来洗墙，还是照画/照柜子？我按用途给你建议选什么角度、点位怎么布更好看。",质保3年；平台7天无理由退换（安装后不支持）。,灯饰介绍,,1,2026/02/27,2026/03/02,灯饰介绍｜斗胆灯（完整示例）,"灯饰介绍,斗胆灯,深杯,防眩,射灯升级,洗墙,无主灯",,,,,,
164,灯带,,"家人们灯带这块，谁装谁知道：晚上不开主灯也很舒服。
公屏打一下：你想装吊顶还是柜子？想要温馨暖还是清爽白？我给你建议色温和位置。","家人们晚上好！今天讲【灯带】——它不是负责“照亮”的，它是负责“让家变温柔、变高级”的。

家人们很多家里只有主灯，晚上开灯像开会；一加灯带，立刻就有层次、有氛围，拍照也更好看，而且晚上不想开大灯的时候，灯带就是最舒服的背景光。

灯带最常见、最实用的地方：
- 吊顶边槽：客厅氛围层次
- 背景墙/电视墙：洗墙更高级
- 橱柜底/吊柜底：切菜做饭不挡光
- 衣柜/展示柜：拿取方便、质感更好
- 床头背景：睡前氛围更舒服

选灯带别踩坑，家人们记住三点：
第一，色温一定要统一，别跟主灯打架。
第二，亮度别过头。灯带是氛围光，太亮就刺眼，太暗又像没装。
第三，效果80%看安装结构。要做“见光不见灯”，遮光槽位做不好，再好的灯带也显廉价。

来，家人们公屏告诉我：你想装灯带是吊顶还是柜子？你家更偏温馨还是清爽？我按风格给你建议色温和位置怎么做最好看。 ",质保3年；平台7天无理由退换（安装后不支持）。,灯饰介绍,,1,2026/02/27,2026/03/02,灯饰介绍｜灯带（完整示例）,"灯饰介绍,灯带,氛围光,无主灯,吊顶,柜体灯带,层次感",,,,,,
165,0-10,家人们别潜水了，想看哪一类灯就打在公屏：吸顶/吊灯/风扇灯/灯带。你们打字我就按你家户型讲怎么选，别白蹲。,"家人们我先给你们讲个小段子：
刚刚我问运营：今天直播间怎么这么安静？
运营说：因为大家都在默默对比，怕一开口就暴露自己想买。

家人们别藏了，想看哪一款灯就打在公屏：吸顶/吊灯/风扇灯/灯带。你们打字我就按你们家户型直接讲怎么选，别让你们白蹲。","家人们我先讲个小段子：
刚刚我问运营：今天直播间怎么这么安静？
运营说：因为大家都在默默对比，怕一开口就暴露自己想买。

家人们别藏了，想看哪一类灯就打在公屏：吸顶/吊灯/风扇灯/灯带。
你打字我就按你家情况讲：
- 层高2米6左右：更适合吸顶/超薄，清爽不压顶；
- 想要氛围：吊灯/灯带怎么搭更高级；
- 客厅热：风扇灯怎么选风量和尺寸。

顺便也别让小苏猜——你家装哪间房？大概多少平？层高多少？你回我【房间+面积+层高】，我直接给你配灯型+色温，省你做功课。",质保3年；平台7天无理由退换（安装后不支持）。,开场,冷场互动/引导开口,,2026/02/27,2026/03/02,开场｜冷场互动：想看哪类灯就打出来,"冷场,互动,公屏,引导,选灯",,,,,,
166,0-10,家人们直播间这么安静，我怀疑你们在用意念下单。公屏打“1”让我确认你们手机没坏；打“2”我把吊灯选尺寸口诀直接送你，省你纠结。,"家人们直播间这么安静，我怀疑你们在用意念下单。
要不这样，公屏打个“1”，让我确认你们手机没坏；
打个“2”，我就把吊灯选尺寸的口诀直接送你们，省得你们回去再纠结。","家人们直播间这么安静，我怀疑你们在用意念下单。
要不这样：公屏打个【1】，让我确认你们手机没坏；
公屏打个【2】，我把吊灯选尺寸的“傻瓜口诀”直接送你们。

来，口诀来了（收藏）：
1）先看层高：2米6左右优先短吊/贴顶；层高够再做造型。
2）再看餐桌：灯的长度≈餐桌长度的1/2到2/3；圆桌灯直径≈桌径的1/2左右。
3）再看高度：餐桌吊灯离桌面约70-80cm更舒服，不压头。

你家是餐厅吊灯还是客厅吊灯？餐桌多长、层高多少？你发我【餐桌长度+层高】，我直接给你把“买多大、吊多长”算出来。",质保3年；平台7天无理由退换（安装后不支持）。,开场,冷场互动/福利口诀,,2026/02/27,2026/03/02,开场｜冷场互动：打1/2送你吊灯尺寸口诀,"冷场,互动,吊灯,尺寸,口诀,层高",,,,,,
167,0-10,家人们别潜水，回我三句话：装哪间房、面积多大、层高多少？我直接给你配灯型+色温。,家人们直播间这么安静，我来个小互动：公屏打【客厅/卧室/餐厅】+【面积】+【层高】，我马上把你该选什么灯型和色温讲明白。,"家人们别潜水，我就问你三件事，回一句我就能配灯：
1）装哪间房（客厅/卧室/餐厅/走廊）
2）面积多大（大概就行）
3）层高多少（2.6/2.8/3.0）

你回我这三样，我直接给你：
- 选吸顶还是吊灯；
- 色温选清爽还是温馨；
- 亮度大概怎么配才够用不浪费。

家人们想省事的就按格式发【房间+面积+层高】，我看到就给你对号入座。",质保3年；平台7天无理由退换（安装后不支持）。,开场,冷场互动/三问快速分流,,2026/02/27,2026/03/02,开场｜冷场互动：三问配灯（别潜水）,"冷场,互动,三问,房间,面积,层高",,,,,,
168,0-10,家人们晚上好，我是小苏！今晚帮你把选灯这件事讲透，避坑省心。,家人们你们先打【1】，我确认下你们在，然后你们把【房间+面积+层高】发我，我直接给建议。,家人们晚上好，我是小苏。今晚这场不讲虚的，就讲你怎么选灯不踩坑、色温怎么配、出光怎么避眩。直播间点个关注别迷路，有问题随时问，我帮你按你家情况配灯。,质保3年；平台7天无理由退换（安装后不支持）。,开场,打招呼+立人设,,2026/02/28,2026/02/28,,"开场,人设,靠谱,专业,小苏,选灯不踩坑",,,,,,
169,0-10,家人们好，我是小苏！回我【房间+面积+层高】，我一句话给你配好灯型和色温。,家人们别潜水，打【客厅/卧室/餐厅】+面积+层高，我看到就给你配，别让你自己研究半天。,家人们好，我是小苏。选灯别靠感觉，我来帮你省时间。你只需要告诉我装哪间房、面积多大、层高多少，我就能把吸顶还是吊灯、色温偏暖还是偏白、亮度怎么配直接给你定好。,质保3年；平台7天无理由退换（安装后不支持）。,开场,打招呼+快速分流,,2026/02/28,2026/02/28,,"开场,快速分流,房间,面积,层高,一句话配灯",,,,,,
170,0-10,家人们好，我用30秒帮你避坑：卧室要暖、客厅要匀、餐厨要显色真。,家人们你这会儿最怕什么？是刺眼、怕安装麻烦、还是怕贵？打在公屏1/2/3，我按你说的重点讲。,家人们好，我先用30秒帮你避坑。记住三句口诀：卧室要暖（偏黄更放松）、客厅要匀（通透不刺眼）、餐厨要显色真（Ra95以上饭菜更有食欲）。把这三句记住，你选灯就不会翻车。,质保3年；平台7天无理由退换（安装后不支持）。,开场,30秒避坑承诺,,2026/02/28,2026/02/28,,"开场,避坑,30秒,色温,显指,眩光",,,,,,
171,0-10,家人们选灯最怕三件事：装完刺眼、安装麻烦、花钱不值。今晚我帮你把这三个坑全避开。,公屏打1怕刺眼、打2怕安装、打3怕花冤枉钱，我按你们票数最高的先讲。,家人们买灯最怕什么？我总结了三个大坑：第一装完刺眼不舒服，第二安装搞不定要加钱，第三花冤枉钱没买到合适的。今晚小苏直播就是帮你把这三个问题讲透、解决掉。你现在最怕哪个？打在公屏我优先解答。,质保3年；平台7天无理由退换（安装后不支持）。,开场,先讲痛点再给方案,,2026/02/28,2026/02/28,,"开场,痛点,刺眼,安装,贵,不踩坑",,,,,,
172,0-10,家人们我先问个问题：你家选灯最看重什么？A刺眼不刺眼 B亮度够不够 C氛围好不好看,家人们你们123随便打，你们打的最多就是我重点讲的，保证不让你白蹲。,家人们别急着下单，我先做个调查：你们家选灯最看重什么？A是怕刺眼（眩光问题）、B是怕不够亮（亮度问题）、C是想要氛围好看（颜值问题）。打在公屏123，我按你们最关心的点重点讲。今晚直播间就是帮你们把这三个问题都解决。,质保3年；平台7天无理由退换（安装后不支持）。,开场,抛出选择题,,2026/02/28,2026/02/28,,"开场,选择题,刺眼,亮度,氛围",,,,,,
173,0-10,家人们，10个买灯的有8个会踩坑，主要就是色温、显指、眩光没搞对。今晚我帮你避开这仨坑。,你现在最怕踩哪个坑？色温/显指/眩光打在公屏，我按顺序给你讲透。,家人们我跟你们说个数据：10个买灯的至少有8个会踩坑，最集中的就是三个问题——色温选错太冷太暖、显指太低东西发灰、眩光没注意装完刺眼。今晚小苏直播间就把这三个问题讲透，你听完就知道怎么选，再也不踩坑。,质保3年；平台7天无理由退换（安装后不支持）。,开场,用数据说话,,2026/02/28,2026/02/28,,"开场,数据,选灯踩坑,参数,避坑",,,,,,
174,0-10,家人们今晚直播白嫖——我教你选灯思路，你不用做功课，直接按我家情况配就行。,想白嫖的家人们先点个关注，然后把【房间+面积+层高】打在公屏，我给你配。,家人们今晚直播间就是白嫖时间：我教你选灯的思路和避坑方法，你不用自己研究半天做功课。你只需要把【房间+面积+层高】发我，我直接按你家情况给你推荐灯型和色温。省时省力，不花冤枉钱。,质保3年；平台7天无理由退换（安装后不支持）。,开场,用对比吸引注意,,2026/02/28,2026/02/28,,"开场,对比,白嫖,省心,选灯思路",,,,,,
175,0-10,家人们客厅要通透、卧室要舒服、餐厨要显色——今晚我把三个空间的选灯逻辑全讲清楚。,你们现在最想听客厅还是卧室？打在公屏，我按你们想听的先讲。,家人们不同房间选灯逻辑完全不一样：客厅要通透敞亮、层次分明；卧室要舒服不刺眼、偏暖放松；餐厨要显色好，饭菜看着有食欲。今晚我把三个空间的选灯逻辑全讲透，你听完就知道自家该怎么选。,质保3年；平台7天无理由退换（安装后不支持）。,开场,用场景化引导,,2026/02/28,2026/02/28,,"开场,场景化,客厅,卧室,餐厨,选灯逻辑",,,,,,
176,0-10,家人们我知道你们选灯怕三样：怕装完刺眼、怕买错型号、怕安装搞不定。今晚这三个我全帮你搞定。,你们现在最担心什么？打在公屏，我挨个给你们讲明白。,家人们我太懂你们的担忧了：花了钱买灯，装完发现刺眼不舒服；型号买错尺寸不对；安装搞不定要加钱。今晚小苏直播间就帮你解决这三个问题——怎么选不刺眼、怎么买对型号、怎么安装省心。你有什么担忧先说着。,质保3年；平台7天无理由退换（安装后不支持）。,开场,用担忧切入,,2026/02/28,2026/02/28,,"开场,担忧,刺眼,怕选错,怕安装",,,,,,
177,0-10,家人们晚上好！灯在中文里就是明——日月同辉、家里有光。你们想要明而不刺的光吗？,家人们你们喜欢温馨暖光还是清爽白光？打暖/白告诉我，我按你的偏好讲。,家人们晚上好，我跟你们说个有意思的：灯这个字在中文里就是明，日月同辉、家里有光。今晚咱们就讲怎么选到明而不刺的灯——够亮但不晃眼，温馨但不压抑。你们把房间和面积发我，我按你家情况配。,质保3年；平台7天无理由退换（安装后不支持）。,开场,用谐音梗破冰,,2026/02/28,2026/02/28,,"开场,谐音,明,点亮,团圆,有光",,,,,,
178,0-10,家人们我来讲个真事：有客户花三千买的灯，装完嫌太刺眼又换，来回折腾花了五千。,你们有没有类似的经历？打在公屏，咱们一起避坑。,家人们我先讲个客户的真事：之前有个家人花三千多买了盏网红灯，装完发现太刺眼、太高调，又花两千换掉，来回折腾五千没了。其实选灯这事，提前做功课真的能省好几千。今晚我就帮你们把这些坑全避开。,质保3年；平台7天无理由退换（安装后不支持）。,开场,用小故事开场,,2026/02/28,2026/02/28,,"开场,故事,客户案例,选灯后悔,避坑",,,,,,
179,0-10,家人们我不是来推销的，我是来帮你避坑的。你买不买没关系，我先把怎么选讲清楚。,你们有什么选灯问题尽管问，我今晚就是来答疑的，不用不好意思。,家人们先说清楚：小苏不是来硬推销的，我是来帮你把选灯这件事讲透、帮你避坑的。你最后买不买没关系，但今晚听完你至少知道怎么选才对、怎么避开那些坑。关注一下不迷路，后续有选灯问题随时来找我。,质保3年；平台7天无理由退换（安装后不支持）。,开场,用身份认同,,2026/02/28,2026/02/28,,"开场,身份,自己人,不推销,帮你选",,,,,,
180,0-10,家人们你们有没有想过：为什么有些灯越看越舒服，有些灯越看越闹心？今晚我告诉你答案。,你们觉得灯看着舒不舒服主要看什么？打在公屏我看看大家的想法。,家人们问你们一个问题：为什么有些灯装在家里越看越舒服、越看越有质感，而有些灯刚装挺好、越看越闹心？这背后的原因今晚我给你讲透——涉及色温、显指、出光方式、遮光角度好几个维度。听完你就知道怎么分辨好灯和凑数灯。,质保3年；平台7天无理由退换（安装后不支持）。,开场,用反问制造好奇,,2026/02/28,2026/02/28,,"开场,反问,好奇,为什么,色温,眩光",,,,,,
181,0-10,家人们今晚直播间有专属福利，错过今天可能要等好几天，想要的先点关注别错过。,想要的家人先点个关注把位置占上，省得找不到了。,家人们先说个正事：今晚直播间有专属福利政策，买灯比平时划算。但福利一般不持续太久，错过可能要好几天甚至更久。先点个关注不迷路，有问题随时问，我尽量帮你争取最优方案。,质保3年；平台7天无理由退换（安装后不支持）。,开场,用限时吸引,,2026/02/28,2026/02/28,,"开场,限时,福利,今晚,专属,错过等明天",,,,,,
182,0-10,家人们今晚干货很多：色温怎么选不踩坑、显指怎么看、眩光怎么避、尺寸怎么算。,你们最想先听哪一部分？打在公屏，我按你们的需求调整顺序。,家人们今晚直播全是干货，我提前给你列一下：第一部分讲色温怎么选不踩坑，第二部分讲显指怎么看东西真不真，第三部分讲眩光怎么避不刺眼，第四部分讲尺寸怎么算刚刚好。每一部分都是选灯必知的，错过等于白来。,质保3年；平台7天无理由退换（安装后不支持）。,开场,用干货预告,,2026/02/28,2026/02/28,,"开场,干货,预告,避坑,选灯,色温,显指",,,,,,
183,0-10,家人们春天装修季到了，今晚我帮你们把选灯这件事一次性讲透，省得你们自己研究。,最近在装修的家人们打个1，我看看有多少人，你们的问题我重点讲。,家人们春天装修季到了，很多家庭都在看灯、选灯、买灯。我今晚就把选灯这件事一次性讲透：怎么选不刺眼、怎么买不踩坑、怎么装不返工。你们不用自己研究半天做功课，跟着听跟着问就行。,质保3年；平台7天无理由退换（安装后不支持）。,开场,用热点切入,,2026/02/28,2026/02/28,,"开场,热点,春天,装修季,选灯,旺季",,,,,,
184,0-10,家人们选灯最纠结：贵的怕不值，便宜的怕不好，看花眼也不知道怎么选。我今晚帮你做选择。,你们现在大概预算是多少？打在公屏我心里有数，给你推荐更准。,家人们我太懂你们的纠结了：贵的怕不值那个价，便宜的怕质量不行，看了一堆攻略还是不知道选哪个。今晚小苏帮你把这个纠结解开——我按你的预算和需求，直接告诉你买哪款最合适，不用你自己对比来对比去。,质保3年；平台7天无理由退换（安装后不支持）。,开场,用痛点共鸣,,2026/02/28,2026/02/28,,"开场,痛点,纠结,选择困难,怕买错,怕后悔",,,,,,
185,0-10,家人们晚上好！现在直播间惯例：先点关注不迷路、有问题随时问。今晚我们开始讲灯。,先点关注的家人们公屏打个1，我看看今晚有多少老粉支持。,家人们晚上好！现在直播间先走个惯例：点关注不迷路，后续有选灯问题随时来找我。今晚直播内容很干：怎么选灯不踩坑、怎么配光更舒服、怎么买最划算。你有什么问题随时问，我挨个解答。,质保3年；平台7天无理由退换（安装后不支持）。,开场,用仪式感开场,,2026/02/28,2026/02/28,,"开场,仪式感,开始,直播,惯例,关注",,,,,,
186,0-10,家人们天气热了，今晚讲讲风扇灯——灯+风二合一，一盏解决两个需求，清凉一夏。,你们想先听风扇灯还是先听主灯？打在公屏我按你们想听的讲。,家人们天气慢慢热起来了，今晚我给大家讲一个应季的产品——风扇灯。灯和风扇二合一，一盏灯解决两个需求：上面照亮、下面送风。客厅装一盏，夏天不用开空调那么冷，卧室装一盏，睡觉吹风不着凉。想要风扇灯的先把关注点起来。,质保3年；平台7天无理由退换（安装后不支持）。,开场,用天气/季节切入,,2026/02/28,2026/02/28,,"开场,天气,季节,夏天,风扇灯,清凉",,,,,,
187,0-10,家人们在吗？在的打1，让我看到你们今晚都在线。,打1的家人们把你们的问题也打出来，今晚有问必答。,家人们在吗？今晚直播间有点冷清啊，我怕你们在看但不说话。先打个1让我看到你们都在，有问题随时问，今晚就是来答疑的。你们不打1我还以为手机坏了呢。,质保3年；平台7天无理由退换（安装后不支持）。,开场,用互动开场,,2026/02/28,2026/02/28,,"开场,互动,在吗,潜水,回应",,,,,,
188,0-10,家人们今晚来直播间值不值？值——你花20分钟听我讲，省下自己研究两小时，还避开几个大坑。,觉得值的家人们打个1，让我看看今晚有多少人认可。,家人们我跟你们说，今晚来直播间真的很值。你花20分钟听我把选灯逻辑讲清楚，你省下自己研究两小时；你听我讲几个避坑要点，你省下装完后悔换灯的几大千。专业的事交给专业的人，你负责听和问就行。,质保3年；平台7天无理由退换（安装后不支持）。,开场,用价值主张,,2026/02/28,2026/02/28,,"开场,价值,省时间,省心,不踩坑,专业",,,,,,
189,0-10,家人们今晚我不教你买什么，我教你别买什么。避开这几个类型，基本就不会翻车。,你们之前有没有买过后悔的灯？打在公屏说说，避免其他人踩坑。,家人们今晚我换个角度讲：不说哪款好，说说哪几类灯你最好别买。有些人买了网红灯装完后悔，有些人贪便宜买到质量差的，这些坑今晚我帮你列出来。你避开这些类型，基本上就不会翻车。,质保3年；平台7天无理由退换（安装后不支持）。,开场,用排除法,,2026/02/28,2026/02/28,,"开场,排除法,别买错,买对,型号",,,,,,
190,0-10,家人们我先测试一下：你知道色温3000K和6000K有什么区别吗？打在公屏看看。,不知道的家人们也不用慌，今晚听完你就懂了，关注一下不迷路。,家人们我先做个测试：你们知道色温3000K和6000K有什么区别吗？打在公屏看看。有没有答对的？今晚直播就是帮你把这些专业参数翻译成人话，让你以后选灯心里有数。,质保3年；平台7天无理由退换（安装后不支持）。,开场,用提问测试,,2026/02/28,2026/02/28,,"开场,测试,认知,色温,眩光,显指",,,,,,
191,0-10,家人们有句话说得好：家里有光，才有家的样子。今晚我帮你们把光选对。,你们家现在灯光满意吗？打在公屏满意/不满意，我看看情况。,家人们有句话说得好：家里有光，才有家的样子。光对家庭的氛围太重要了——灯选对了，整个家都温馨；灯选错了，每天看着都闹心。今晚小苏帮你把光选对，让家里有该有的样子。,质保3年；平台7天无理由退换（安装后不支持）。,开场,用名人名言,,2026/02/28,2026/02/28,,"开场,名言,光,重要,氛围,家里",,,,,,
192,0-10,家人们今晚我承诺：不说虚的、不玩套路，只讲怎么帮你选到对的灯。,需要真实选灯建议的家人先点个关注，我把干货先讲起来。,家人们今晚我先做个承诺：不说虚的、不玩套路、不夸大宣传，就是实打实帮你把选灯这件事讲清楚。你买不买没关系，但听完你应该知道怎么选才对。关注一下，后续有问题随时来找我。,质保3年；平台7天无理由退换（安装后不支持）。,开场,用承诺开场,,2026/02/28,2026/02/28,,"开场,承诺,不套路,真实,帮你选",,,,,,
193,0-10,家人们装修选灯真的很累，看来看去都差不多。我今晚帮你做减法，让你少纠结。,你们现在选灯选到哪个阶段了？刚开始看/看了很久了/马上要买了？,家人们我太懂你们了：装修选灯最累人，看起来都差不多，仔细看又各有不同，看了一圈还是不知道选哪个。今晚我帮你做减法——把复杂的选择题变成填空题，你告诉我需求，我给你推荐，直接锁定，不用纠结。,质保3年；平台7天无理由退换（安装后不支持）。,开场,用情绪共鸣,,2026/02/28,2026/02/28,,"开场,情绪,累,装修,选灯,省心",,,,,,
194,0-10,家人们我们来快问快答：客厅灯选吸顶还是吊灯？打在公屏。,不用思考太多，凭直觉打在公屏，错了也不用怕，我给大家解释为什么。,家人们我们先来快问快答，热热身。你们觉得客厅灯选吸顶还是吊灯好？打在公屏让我看看大家的倾向。这种快问快答我今晚多来几轮，帮你们把选灯的基本概念先建立起来。,质保3年；平台7天无理由退换（安装后不支持）。,开场,用问答开场,,2026/02/28,2026/02/28,,"开场,问答,快问快答,选灯,常识",,,,,,
195,0-10,家人们我帮几千个家庭选过灯，踩坑的案例见过太多。今晚把这些经验全分享给你们。,你们有什么选灯问题尽管问，我的经验帮你避开那些坑。,家人们我是小苏，从事灯光行业这些年，帮几千个家庭选过灯。踩坑的案例我见过太多了：有的灯装完刺眼退货，有的尺寸不对返工，有的色温不对看着别扭。今晚我把这些经验全分享给你们，让你们少走弯路。,质保3年；平台7天无理由退换（安装后不支持）。,开场,用专业背书,,2026/02/28,2026/02/28,,"开场,专业,经验,案例,避坑,选灯",,,,,,
196,0-10,家人们你们知道好灯和便宜灯的区别在哪吗？不是外观，是这两个核心指标。,你们猜猜看，好灯和便宜灯最大的区别是什么？打在公屏我揭晓答案。,家人们你们有没有想过：为什么有的灯卖三百，有的灯卖三千，到底差在哪？我告诉你们，核心区别就两个指标——出光舒适度和稳定性。其他都是表面功夫。今晚我把这两个指标讲透，让你们学会分辨。,质保3年；平台7天无理由退换（安装后不支持）。,开场,用好奇引导,,2026/02/28,2026/02/28,,"开场,好奇,为什么,好灯,便宜灯,区别",,,,,,
197,0-10,家人们今晚我用对比法告诉你：这样选是错的，这样选才对。,你们之前选灯有没有踩过坑？打在公屏我帮你们分析为什么会踩。,家人们今晚我换个方式讲：不说哪款好，我说这样选是错误的、那样选是正确的，把对错直接对比给你们看。这样你们印象更深，也更容易记住以后怎么选。,质保3年；平台7天无理由退换（安装后不支持）。,开场,用对比法,,2026/02/28,2026/02/28,,"开场,对比,错误,正确,选灯,示范",,,,,,
198,10-30,家人们别走，回我三句话：装哪间房、面积多大、层高多少？我直接给你配好灯型和色温。,你们公屏打【房间+面积+层高】，我看到就给你配，别让自己研究半天。,家人们先别划走，小苏帮你省时间。你只需要回我三个信息——房间用途、面积、层高，我就能把吸顶还是吊灯、色温偏暖还是偏白、亮度怎么配直接给你定好。不用自己研究半天，我帮你翻译成大白话。,质保3年；平台7天无理由退换（安装后不支持）。,留人,用三问留人,,2026/02/28,2026/02/28,,"留人,三问,房间,面积,层高,快速配灯",,,,,,
199,10-30,家人们留一下，我用一句话帮你定色温：卧室要暖、客厅要匀、餐厨要显色。,你们更喜欢温馨暖光还是清爽白光？打在公屏我按你的偏好配。,家人们色温其实很好选，记住三句口诀：卧室选暖色（3000K-3500K）更放松；客厅选中性（4000K左右）更通透；餐厨选高显色（Ra95以上）饭菜更有食欲。你是什么房间？打在公屏我帮你定具体参数。,质保3年；平台7天无理由退换（安装后不支持）。,留人,用色温引导留人,,2026/02/28,2026/02/28,,"留人,色温,暖,白,3000K,6000K,按房间选",,,,,,
200,10-30,家人们留一下，我告诉你怎么选灯不刺眼——关键看出光方式，不是越亮越好。,你现在最怕的是刺眼还是不够亮？打在公屏我按你家情况给你建议。,家人们怕刺眼很正常，我教你一招：选灯看遮光角，遮光角越大越不容易刺眼；另外看出光方式是直射还是漫反射，漫反射的光更柔和。你把房间用途告诉我，我帮你选舒服的出光方式。,质保3年；平台7天无理由退换（安装后不支持）。,留人,用避坑留人,,2026/02/28,2026/02/28,,"留人,避坑,刺眼,眩光,出光方式,舒服",,,,,,
201,10-30,家人们别走，你告诉我预算区间，我给你两套方案选：够用款和更舒服款。,你们预算大概多少？打在公屏我心里有数，给你推荐更精准。,家人们预算不一样方案就不一样。你给我个区间：200-300、300-500、还是500以上？我按你家情况给你推荐：要性价比的我给你更省的，要追求品质的我把参数和质保给你对齐。合适再拍，不合适当参考也行。,质保3年；平台7天无理由退换（安装后不支持）。,留人,用预算留人,,2026/02/28,2026/02/28,,"留人,预算,性价比,高性价比,按预算配",,,,,,
202,10-30,家人们层高不同选灯完全不同：你家层高多少？打2.6/2.8/3.0我帮你定。,你们公屏打一下层高，我帮你判断选哪种灯型更合适。,家人们层高是选灯的关键因素：层高2米6左右优先选吸顶或超薄，更清爽不压头；层高2米8以上可以考虑吊灯，氛围感更好。你把层高打在公屏，我帮你判断更适合吸顶还是吊灯。,质保3年；平台7天无理由退换（安装后不支持）。,留人,用层高留人,,2026/02/28,2026/02/28,,"留人,层高,吸顶,吊灯,压层高,下吊",,,,,,
203,10-30,家人们别走，你家是什么风格？现代/奶油/原木/轻奢？我帮你选百搭不过时的灯。,你们家偏什么风格？打在公屏我帮你推荐更稳的。,家人们灯的风格要跟装修匹配：现代简约选线条简洁的；奶油风选圆润温柔的；原木风选自然质感的；轻奢风可以带点金属质感。你把风格打在公屏，我帮你选更搭的灯型和颜色。,质保3年；平台7天无理由退换（安装后不支持）。,留人,用风格留人,,2026/02/28,2026/02/28,,"留人,风格,现代,奶油,原木,轻奢,百搭",,,,,,
204,10-30,家人们想要会调光调色的灯吗？打在公屏我给你讲讲调光调色有什么用。,你们想要智能控制的还是普通开关的？打在公屏我按需求讲。,家人们现在的灯很多带调光调色功能：可以调亮度、看剧开暗一点、阅读开亮一点；可以调色温、晚上暖一点、白天清爽一点。有的还支持智能控制、语音开关。你想要这种功能性的还是基础款？打在公屏我给你推荐。,质保3年；平台7天无理由退换（安装后不支持）。,留人,用功能留人,,2026/02/28,2026/02/28,,"留人,功能,调光,调色,智能,语音控制",,,,,,
205,10-30,家人们餐厨选灯有个重点：显色指数要高，饭菜看着才有食欲。,你们餐厨对显色有要求吗？打在公屏我看看需求。,家人们显色指数（Ra）很重要：Ra90以上还原物体颜色比较真实；Ra95以上接近自然光，餐厨用这种灯，饭菜颜色更正、化妆也不容易翻车。你家是餐厨一体还是分开？打在公屏我帮你选合适的显色参数。,质保3年；平台7天无理由退换（安装后不支持）。,留人,用显色留人,,2026/02/28,2026/02/28,,"留人,显色,Ra,餐厨,颜色还原,真实",,,,,,
206,10-30,家人们灯买多大才够？客厅按面积算、卧室按床配，我帮你算明白。,你们要配客厅还是餐厅？面积大概多少？打在公屏我算给你。,家人们灯的尺寸跟面积和家具相关：客厅主灯一般按空间对角线的1/8到1/10来选；卧室可以比客厅小一号；餐厅吊灯直径大约是餐桌的1/2到2/3。你把客厅或餐厅面积打在公屏，我帮你算该买多大的。,质保3年；平台7天无理由退换（安装后不支持）。,留人,用尺寸留人,,2026/02/28,2026/02/28,,"留人,尺寸,客厅,卧室,餐厅,选多大",,,,,,
207,10-30,家人们担心安装的先别走，换灯一般不难：你拍原灯位给我看，我帮你判断。,你们担心安装难不难？打在公屏我帮你判断一下。,家人们安装这块别慌，大多数换灯就是对孔位对线色，吸顶和大部分吊灯都不复杂。你拍一下原灯位置和孔距，我帮你判断能不能直接替换、要不要找电工。心里有数再拍，省得装到一半发现问题。,质保3年；平台7天无理由退换（安装后不支持）。,留人,用安装留人,,2026/02/28,2026/02/28,,"留人,安装,孔位,电工,换灯,难不难",,,,,,
208,10-30,家人们对无主灯感兴趣的留一下，我讲讲怎么搭配出层次感。,你们想做无主灯还是传统主灯？打在公屏我看比例。,家人们无主灯不是全是灯，而是主照明加辅助照明：筒灯负责基础亮、射灯负责重点照、灯带负责氛围烘托。三个配合好才有层次感。你想做无主灯还是主灯加辅助？打在公屏我按你家情况给你方案。,质保3年；平台7天无理由退换（安装后不支持）。,留人,用无主灯留人,,2026/02/28,2026/02/28,,"留人,无主灯,筒灯,射灯,灯带,层次感",,,,,,
209,10-30,家人们别走，有什么选灯问题直接问，我今晚挨个解答，不让你们憋着。,现在有问题的家人们打在公屏，我一个一个回。,家人们你们别潜水，有什么问题直接问。我今晚在直播间待着，有问必答。你们不问我就以为你们没问题，那我就一直讲下去。你们想问什么打在公屏，我看到了就回。,质保3年；平台7天无理由退换（安装后不支持）。,留人,用互动留人,,2026/02/28,2026/02/28,,"留人,互动,在吗,选灯,问题,回答",,,,,,
210,10-30,家人们想看看别人家怎么选灯的吗？打在公屏我给你讲几个案例参考。,你们想听什么户型的案例？打在公屏我按你们的需求讲。,家人们我讲几个实际案例：比如层高2米7的客厅选了吸顶灯、30平米的餐厅选了直径1米的吊灯、卧室选了3000K色温的吸顶灯。你家是什么情况？打在公屏我按类似案例给你建议。,质保3年；平台7天无理由退换（安装后不支持）。,留人,用案例留人,,2026/02/28,2026/02/28,,"留人,案例,别人家,怎么选,参考,户型",,,,,,
211,10-30,家人们纠结吸顶还是吊灯的留一下，我把优缺点对比给你看。,你们更想要简洁还是氛围感？打在公屏我按需求推荐。,家人们吸顶和吊灯的区别：吸顶灯优点是简洁不压层高、好打理、适合层高不高；吊灯优点是氛围感强、造型好看、适合层高够的场景。关键看层高和你要的效果。你家层高多少？打在公屏我帮你定。,质保3年；平台7天无理由退换（安装后不支持）。,留人,用对比留人,,2026/02/28,2026/02/28,,"留人,对比,吸顶,吊灯,优缺点,选哪个",,,,,,
212,10-30,家人们想知道怎么买灯更划算吗？今晚我把这省钱的逻辑讲清楚。,你们想知道怎么买更划算吗？打在公屏我分享技巧。,家人们买灯想省钱记住几点：别只看价格要看性价比；套装一般比单买划算；关注直播间有福利价；先确定需求再下单，别冲动退换更费钱。你有什么买灯省钱的问题？打在公屏我解答。,质保3年；平台7天无理由退换（安装后不支持）。,留人,用省钱留人,,2026/02/28,2026/02/28,,"留人,省钱,怎么买划算,什么时候买,省心",,,,,,
213,10-30,家人们想选灯不纠结、一步到位吗？把需求发我，我帮你锁定型号。,想省心的家人把需求打在公屏，我帮你直接锁定。,家人们选灯最省心的方式：别让自己变成专家，把专业的事交给专业的人。你把房间、面积、层高、预算、风格偏好发我，我直接给你推荐型号。你照着买就行，不用自己研究来研究去。,质保3年；平台7天无理由退换（安装后不支持）。,留人,用省心留人,,2026/02/28,2026/02/28,,"留人,省心,怎么选,不纠结,一步到位",,,,,,
214,10-30,家人们想知道灯能用多久吗？质量好的灯用十年没问题，关键看这两点。,你们想要耐用一点的还是性价比款？打在公屏我看需求。,家人们灯耐不耐用看两点：一看LED光源和驱动的品质，二看散热和做工。咱们这批灯质保3年，设计寿命都是几万小时，正常用五年以上没问题。你更在意耐用还是性价比？打在公屏我给你推荐。,质保3年；平台7天无理由退换（安装后不支持）。,留人,用耐用留人,,2026/02/28,2026/02/28,,"留人,耐用,能用多久,质量,质保,省心",,,,,,
215,10-30,家人们担心频闪伤眼的留一下，我教你用手机简单测试。,你们对频闪和护眼有要求吗？打在公屏我看看。,家人们频闪这个问题确实要重视。简单测试方法：手机开录像模式对着灯拍，如果画面有条纹抖动说明频闪明显。咱们这批灯都是稳定驱动，频闪控制得很好。你想要护眼一点的还是基础款？打在公屏我给你推荐。,质保3年；平台7天无理由退换（安装后不支持）。,留人,用频闪留人,,2026/02/28,2026/02/28,,"留人,频闪,护眼,稳定,舒服,测试",,,,,,
216,10-30,家人们想要家里有氛围感、高级感吗？灯光层次是关键，我讲给你听。,你们更喜欢温馨氛围还是清爽高级感？打在公屏我看需求。,家人们氛围感怎么来？不是一盏大灯照全屋，而是主灯加辅助光配合：主灯负责基础亮、射灯负责重点提亮、灯带负责氛围烘托、落地灯负责局部阅读。这样层次分明才高级。你想要什么氛围感？打在公屏我给你方案。,质保3年；平台7天无理由退换（安装后不支持）。,留人,用氛围留人,,2026/02/28,2026/02/28,,"留人,氛围感,温馨,高级,怎么营造,灯光层次",,,,,,
217,10-30,家人们担心灯不够亮的留一下，我教你算算多少瓦够用。,你们要配哪个房间？面积多少？打在公屏我算给你。,家人们灯亮不亮跟瓦数和光效有关：一般LED每瓦80-100流明，客厅每平米需要3-5瓦，卧室每平米2-3瓦，餐厨每平米4-5瓦。你把面积打在公屏，我帮你算该买多少瓦的灯。,质保3年；平台7天无理由退换（安装后不支持）。,留人,用亮度留人,,2026/02/28,2026/02/28,,"留人,亮度,够不够,怎么算,平方米,瓦数",,,,,,
218,10-30,家人们有孩子选儿童房灯的留一下，护眼柔和是关键，我教你选。,你们有孩子在纠结儿童房灯怎么选吗？打在公屏我讲技巧。,家人们儿童房选灯记住几点：第一光线要柔和均匀，不要直射刺眼；第二色温建议3000K-4000K，太白伤眼；第三显色指数要高，看东西才真实；第四最好带调光功能，适应不同场景。你家儿童房多大？打在公屏我帮你配。,质保3年；平台7天无理由退换（安装后不支持）。,留人,用儿童房留人,,2026/02/28,2026/02/28,,"留人,儿童房,护眼,柔和,不刺眼,选灯",,,,,,
219,10-30,家人们有老人房的留一下，老人视力下降需要更亮但不刺眼的光。,你们有老人房需要选灯吗？打在公屏我说要点。,家人们老人房选灯要点：第一要亮堂但柔和，老人视力下降需要更亮的环境光；第二避免眩光直射，最好选漫反射出光；第三开关要方便，最好双控或遥控。你家老人房多大？打在公屏我帮你配合适的灯。,质保3年；平台7天无理由退换（安装后不支持）。,留人,用老人房留人,,2026/02/28,2026/02/28,,"留人,老人房,亮堂,不刺眼,安全,选灯",,,,,,
220,10-30,家人们书房办公选灯的留一下，护眼和亮度够是两个重点。,你们书房主要用于办公还是阅读？打在公屏我按需求讲。,家人们书房选灯要点：第一亮度要够，每平米4-5瓦比较合适；第二光线要均匀，不要一块亮一块暗；第三最好接近自然光，显色指数Ra90以上；第四如果有阅读需求，可以加一盏台灯做任务照明。你家书房多大？打在公屏我帮你配。,质保3年；平台7天无理由退换（安装后不支持）。,留人,用书房留人,,2026/02/28,2026/02/28,,"留人,书房,办公,阅读,护眼,选灯",,,,,,
221,10-30,家人们卫生间选灯的留一下，镜前灯和防潮是关键。,你们卫生间需要选灯吗？打在公屏我说要点。,家人们卫生间选灯要点：第一镜前灯很重要，照镜子更清楚、化妆不翻车；第二防潮防水要达标，卫生间湿气重；第三灯具要容易清洁，油污好擦。你家卫生间多大？打在公屏我帮你推荐。,质保3年；平台7天无理由退换（安装后不支持）。,留人,用卫生间留人,,2026/02/28,2026/02/28,,"留人,卫生间,镜前灯,防潮,防水,选灯",,,,,,
222,10-30,家人们阳台选灯的留一下，看是晾晒区还是休闲区。,你们阳台主要是晾晒还是休闲？打在公屏我看需求。,家人们阳台选灯分情况：如果主要是晾晒，灯简单够亮就行；如果封窗做成休闲区，可以选氛围好一点的主灯或吊灯。阳台一般灰尘大，选容易打理的款式。你家阳台怎么用？打在公屏我帮你配。,质保3年；平台7天无理由退换（安装后不支持）。,留人,用阳台留人,,2026/02/28,2026/02/28,,"留人,阳台,封窗,晾晒,休闲,选灯",,,,,,
223,10-30,家人们玄关选灯的留一下，入户第一眼很重要。,你们玄关需要选灯吗？打在公屏我说方案。,家人们玄关选灯要点：第一要亮堂，入户觉得敞亮；第二可以做一点氛围，比如壁灯或小吊灯；第三灯具要跟客厅风格协调。你家玄关大概多大？打在公屏我帮你推荐。,质保3年；平台7天无理由退换（安装后不支持）。,留人,用玄关留人,,2026/02/28,2026/02/28,,"留人,玄关,入门,亮堂,氛围,选灯",,,,,,
224,10-30,家人们走廊过道选灯的留一下，筒灯射灯怎么选我教你。,你们走廊需要几个灯？打在公屏我帮你算。,家人们走廊过道选灯一般用筒灯或射灯：筒灯光线扩散、照亮整体；射灯光线集中、可以洗墙做氛围。走廊宽度决定用几个灯，间距一般1米到1.5米一个。你家走廊多长？打在公屏我帮你算数量。,质保3年；平台7天无理由退换（安装后不支持）。,留人,用走廊留人,,2026/02/28,2026/02/28,,"留人,走廊,过道,筒灯,射灯,选灯",,,,,,
225,10-30,家人们衣帽间选灯的留一下，显色好才能看清衣服颜色。,你们衣帽间需要选灯吗？打在公屏我说要点。,家人们衣帽间选灯要点：第一显色指数要高，Ra95以上最好，选衣服看颜色才准；第二亮度要够，每个格子柜最好有灯带；第三可以选感应式开关，开门就亮。你家衣帽间多大？打在公屏我帮你配。,质保3年；平台7天无理由退换（安装后不支持）。,留人,用衣帽间留人,,2026/02/28,2026/02/28,,"留人,衣帽间,衣柜,显色,选灯",,,,,,
226,10-30,家人们楼梯间选灯的留一下，安全照明是关键。,你们楼梯间需要选灯吗？打在公屏我说方案。,家人们楼梯间选灯要点：第一照明要均匀，每一级台阶都要照到；第二可以装感应灯，人来灯亮更安全；第三灯具要固定牢靠，避免晃动。你家楼梯间几层？打在公屏我帮你配。,质保3年；平台7天无理由退换（安装后不支持）。,留人,用楼梯间留人,,2026/02/28,2026/02/28,,"留人,楼梯间,感应,安全,选灯",,,,,,
227,30-90,家人价格不是贵，是值不值。灯用5-8年，舒服不舒服每天都在用。,你告诉我装哪间房、预算大概多少，我给你两套方案对比。,家人价格这块你犹豫很正常。小苏不跟你讲虚的：灯的差别不只是外观，更在光的舒适度、稳定性和用料做工。你告诉我装客厅还是卧室、面积多大，我按你家情况给你推荐：要性价比的我给你更省的，要追求质感耐用的我把参数和3年质保给你对齐。合适再拍，不合适别勉强。,质保3年；平台7天无理由退换（安装后不支持）。,憋单,用价值塑造,,2026/02/28,2026/02/28,,"憋单,价值,不是贵,是值不值,舒适度,质保",,,,,,
228,30-90,家人这批福利价库存有限，先拍先锁价，后面不一定有。,想要的家人先把灯加购，有问题随时问我。,家人福利价一般不持续太久，这批库存卖完可能要等很久或者恢复原价。你如果确定要装这间房，建议先拍一单锁住价格和库存，后面你再慢慢选安装时间。不想要了7天内可以退，平台规则我提前说清楚。,质保3年；平台7天无理由退换（安装后不支持）。,憋单,用限时紧迫感,,2026/02/28,2026/02/28,,"憋单,限时,库存,最后几张,福利价,手慢无",,,,,,
229,30-90,家人别怕装不了，你拍原灯位给我看，我帮你判断能不能装。,你们担心安装问题的，把现场情况发我，我帮你判断。,家人安装这块我帮你提前判断：你拍一下原灯位置、孔距和线头，我看看是直接替换还是需要改孔。吸顶和大部分吊灯都不复杂，筒射主要看开孔尺寸。你担心什么？打在公屏我帮你分析。,质保3年；平台7天无理由退换（安装后不支持）。,憋单,用安装焦虑,,2026/02/28,2026/02/28,,"憋单,安装,怕装不了,孔位,电工,提前判断",,,,,,
230,30-90,家人怕刺眼就记住：不是越亮越好，关键看出光方式和色温。,你现在最担心刺眼还是亮度不够？打在公屏我说解决办法。,家人怕刺眼我理解，选灯看两点：第一看出光方式，漫反射比直射柔和；第二看色温，卧室偏暖更舒服、客厅看你想要清爽还是温馨。你把房间用途告诉我，我帮你配舒服的款式。频闪我们控制得很好，到手可以先测试。,质保3年；平台7天无理由退换（安装后不支持）。,憋单,用刺眼顾虑,,2026/02/28,2026/02/28,,"憋单,刺眼,眩光,出光方式,色温,舒服",,,,,,
231,30-90,家人规则我说清楚：7天无理由退换，但安装后不支持。所以先确认再装更省心。,你还有什么退换政策的疑问吗？打在公屏我解答。,家人我把规则提前说清：平台支持7天无理由退换，但安装后不支持。所以你收到货先别急着装，先确认尺寸、款式、色温；需要我核对的直接拍照发我。质保是3年，后续有任何问题先联系小苏。咱们按流程来最省心。,质保3年；平台7天无理由退换（安装后不支持）。,憋单,用退换保障,,2026/02/28,2026/02/28,,"憋单,退换,7天无理由,安装后不支持,先确认,省心",,,,,,
232,30-90,家人售后不是不管你，是有我在先帮你沟通，不用你一个人扛。,你们售后有什么担心的吗？打在公屏我说清楚。,家人售后这块你放心，小苏一直在。规则我说清：质保3年；平台7天无理由退换，但安装后不支持。所以你收到货先别急着装，有任何问题拍照发我，我帮你核对清楚再安装。后面用着有任何问题，先联系小苏，咱们先沟通先解决。,质保3年；平台7天无理由退换（安装后不支持）。,憋单,用售后安心,,2026/02/28,2026/02/28,,"憋单,售后,质保3年,有我在,先联系,解决",,,,,,
233,30-90,家人怕选错就按我说的来，我帮你配的不会翻车。,你们之前有没有踩过坑？打在公屏我说怎么避开。,家人怕选错、怕翻车这个顾虑很正常。小苏帮你把选择顺序理清楚：第一步按房间用途定色温，第二步看出光方式，第三步确认尺寸和款式。你把房间、面积、层高发我，我按你家情况配。这样基本不会踩坑。,质保3年；平台7天无理由退换（安装后不支持）。,憋单,用踩坑恐惧,,2026/02/28,2026/02/28,,"憋单,怕踩坑,选错,翻车,按我说的选,不会错",,,,,,
234,30-90,家人舒服不舒服试过才知道，到货先通电测试再安装。,你还有什么安装前测试的问题吗？打在公屏我解答。,家人怕装完不舒服很正常。小苏建议你先测试再装：收到货先通电看色温、亮度和出光方式，再决定装不装。如果你觉得不舒服，7天内按平台规则退。但重点是装之前先把尺寸、款式、色温确认好，别装了再改。,质保3年；平台7天无理由退换（安装后不支持）。,憋单,用舒服承诺,,2026/02/28,2026/02/28,,"憋单,舒服,试过才知道,先测后装,不满意退",,,,,,
235,30-90,家人质量这块我说清楚：质保3年，正常用五年以上没问题。,你们想要耐用款还是性价比款？打在公屏我看需求。,家人灯耐不耐用看两点：LED光源和驱动的品质、散热和做工。咱们这批灯质保3年，设计寿命几万小时，正常用五年以上没问题。你更在意耐用还是性价比？打在公屏我给你推荐方案。,质保3年；平台7天无理由退换（安装后不支持）。,憋单,用质量保证,,2026/02/28,2026/02/28,,"憋单,质量,质保3年,用得久,稳定,靠谱",,,,,,
236,30-90,家人选灯别自己研究半天了，把需求发我，我直接给你锁定型号。,想省心的家人把需求打在公屏，我帮你直接锁定。,家人选灯最省心的方式：别让自己变成专家，把专业的事交给专业的人。你把房间、面积、层高、预算、风格偏好发我，我直接给你推荐型号。你照着买就行，不用自己研究来研究去。这样最省心。,质保3年；平台7天无理由退换（安装后不支持）。,憋单,用省心承诺,,2026/02/28,2026/02/28,,"憋单,省心,不用研究,直接推荐,照着买就行",,,,,,
237,30-90,家人咱们算一笔账：灯用5-8年，平均下来一天不到一块钱，舒服每一天。,你大概预算多少？打在公屏我给你方案对比。,家人价格这块你不用只盯着数字看，按使用时间算账：灯用5-8年，舒服不舒服每天都在用。你告诉我装哪间房、我按场景给你推荐：要性价比的我给你更省的，要追求质感我把参数和3年质保对齐。合适再拍。,质保3年；平台7天无理由退换（安装后不支持）。,憋单,用对比促单,,2026/02/28,2026/02/28,,"憋单,对比,贵和便宜,值不值,算账,按场景",,,,,,
238,30-90,家人这批库存不多，先拍先锁，后面不一定能补到。,想要的家人先把灯加购，别等下找不到链接了。,家人福利价的库存一般都比较紧张，卖完就真的没了。你如果确定要装这间房，建议先拍一单锁住价格和库存，后面你再慢慢选安装时间。不想要了7天内可以退，规则我提前说清。,质保3年；平台7天无理由退换（安装后不支持）。,憋单,用库存紧张,,2026/02/28,2026/02/28,,"憋单,库存,紧张,手慢无,先锁,再选",,,,,,
239,30-90,家人这批下单有赠品配件相送，超值福利先到先得。,你们想要赠品吗？打在公屏我看看需求。,家人今晚下单有个福利：部分款式会赠送安装配件或小礼品，这些配件单买也要几十块。现在下单不仅价格划算，还能拿到赠品。但赠品库存有限，先到先得。你确定要的话先把灯加购。,质保3年；平台7天无理由退换（安装后不支持）。,憋单,用赠品吸引,,2026/02/28,2026/02/28,,"憋单,赠品,福利,送配件,超值,先到先得",,,,,,
240,30-90,家人套装比单买更划算，一起买能省好几百。,你们家需要几盏灯？打在公屏我帮你算套装价。,家人如果你家是多灯具需求，我建议你买套装。套装一般比单买划算几百块，而且风格统一、参数匹配，不用自己搭配来搭配去。你家需要几盏灯？打在公屏我帮你算算怎么买最划算。,质保3年；平台7天无理由退换（安装后不支持）。,憋单,用套装划算,,2026/02/28,2026/02/28,,"憋单,套装,一起买更划算,省,对比单买",,,,,,
241,30-90,家人参数我都给你说清楚，你看清楚再决定买不买。,你们还有什么参数想了解的吗？打在公屏我解答。,家人参数这块我不藏着掖着：色温多少、显色多少、质保几年、用什么驱动，我都给你讲清楚。你看完再决定要不要，不会催你冲动消费。咱们把信息对齐，你自己做判断。,质保3年；平台7天无理由退换（安装后不支持）。,憋单,用参数透明,,2026/02/28,2026/02/28,,"憋单,参数,透明,不藏着,你看清楚,再决定",,,,,,
242,30-90,家人我不催你，理性消费，合适再拍，不合适就当交个朋友。,有什么问题尽管问，今晚有问必答。,家人我不玩催单那一套，买不买没关系，你把问题问清楚最重要。合适再拍，不合适就当在直播间交个朋友。后续有选灯问题随时来找我，我帮你解答。这样更长久。,质保3年；平台7天无理由退换（安装后不支持）。,憋单,用不催单,,2026/02/28,2026/02/28,,"憋单,不催你,理性,合适再拍,不合适看看",,,,,,
243,30-90,家人上次买过的可以回购，品质我给你兜底。,回购的家人们打个1，我看看有多少老朋友。,家人们如果之前买过，觉得品质不错可以回购。这次还是同样的品质同样的服务，有问题直接找我。还没买过的可以先收藏、等想好了再拍，我不催你。但品质我给你兜底。,质保3年；平台7天无理由退换（安装后不支持）。,憋单,用回头客,,2026/02/28,2026/02/28,,"憋单,老客户,回购,信任,品质,推荐",,,,,,
244,30-90,家人现在的灯很智能，语音开关、调光调色，比以前方便多了。,你们对智能功能有需求吗？打在公屏我看看。,家人智能灯确实比以前方便：可以语音控制开关、调节亮度和色温；可以用APP远程控制；甚至可以设置场景模式一键切换。你想要这种智能控制的还是普通开关的？打在公屏我按需求推荐。,质保3年；平台7天无理由退换（安装后不支持）。,憋单,用智能功能,,2026/02/28,2026/02/28,,"憋单,智能,语音,APP,调光,调色,方便",,,,,,
245,30-90,家人天热了风扇灯是刚需，灯风二合一，现在买正合适。,你们想先了解风扇灯吗？打在公屏我讲重点。,家人天气慢慢热起来了，风扇灯这种灯风二合一的产品正好应季。现在买回去装上，夏天不用开空调那么冷，春秋还可以做空气循环。一盏灯解决两个需求，很划算。你想要风扇灯还是普通主灯？打在公屏我按需求讲。,质保3年；平台7天无理由退换（安装后不支持）。,憋单,用季节刚需,,2026/02/28,2026/02/28,,"憋单,夏天,风扇灯,清凉,刚需,应季",,,,,,
246,30-90,家人安装费我提前给你算清楚，不让你付糊涂账。,你们担心安装费用吗？打在公屏我帮你算。,家人安装费用这块我提前给你算：大多数换灯就是直接替换，费用很低；如果需要改孔或加固，费用会多一点。你拍现场给我看，我先把大概率费用给你预估出来，你心里有数再决定。这样不算糊涂账。,质保3年；平台7天无理由退换（安装后不支持）。,憋单,用安装费透明,,2026/02/28,2026/02/28,,"憋单,安装费,透明,提前说,不算糊涂账",,,,,,
247,30-90,家人这灯用几年没问题，质保3年，我给你兜底。,你们想要耐用款还是性价比款？打在公屏我看需求。,家人灯这种大宗耐用消费品，一般都要用五年以上。咱们这批灯设计寿命几万小时，质保3年，正常用完全没有问题。你更在意耐用还是性价比？打在公屏我给你推荐方案。,质保3年；平台7天无理由退换（安装后不支持）。,憋单,用耐用承诺,,2026/02/28,2026/02/28,,"憋单,用得久,几年没问题,质保3年,省心",,,,,,
248,30-90,家人这款很多家人们买过，反馈都很好，跟着选不会错。,想要同款的家人们把需求打在公屏，我帮你锁定。,家人这款灯是我们直播间卖得最好的款式之一，很多家人们买过、装完反馈都不错。好评率很高，整体反馈是光舒服、安装方便、品质稳定。你跟着选基本上不会出错。,质保3年；平台7天无理由退换（安装后不支持）。,憋单,用好评背书,,2026/02/28,2026/02/28,,"憋单,好评,别人买过,反馈好,跟着选,不会错",,,,,,
249,30-90,家人下单后有我在，有问题随时找我，我帮你对接处理。,你们对服务有什么要求吗？打在公屏我说清楚。,家人你下单后不是就没管了，有任何问题随时找我：安装有问题我帮你问、对尺寸没把握我帮你核、收到货不知道怎么验我教你。服务到我这儿为止，不会让你自己摸索。,质保3年；平台7天无理由退换（安装后不支持）。,憋单,用服务承诺,,2026/02/28,2026/02/28,,"憋单,服务,有我在,有问必答,帮你对接",,,,,,
250,30-90,家人LED灯很省电，一年下来电费没多少钱，长期用更划算。,你们在意灯具的能耗吗？打在公屏我看需求。,家人LED灯比老式灯省电很多，一般同等亮度能耗只有老式灯的1/5到1/10。一年下来电费也就几十块，长期用很划算。你更在意节能还是亮度？打在公屏我给你推荐。,质保3年；平台7天无理由退换（安装后不支持）。,憋单,用环保节能,,2026/02/28,2026/02/28,,"憋单,省电,节能,LED,电费,长期省",,,,,,
251,30-90,家人全屋灯可以一起配，风格统一，我帮你一站式搞定。,你们全屋需要几盏灯？打在公屏我帮你算全屋方案。,家人如果你家是多灯具需求，我建议全屋一起配。一起配的好处：风格统一、参数匹配、价格更划算。你把全屋需求发我，我帮你一站式配好，省得你自己一样一样找。,质保3年；平台7天无理由退换（安装后不支持）。,憋单,用一站式,,2026/02/28,2026/02/28,,"憋单,一站式,全屋,一起配,风格统一,省心",,,,,,
252,30-90,家人这批库存充足，发货快，不用等很久。,你们着急装吗？打在公屏我看能不能安排。,家人这批库存充足，下单后很快就能发货，不用等很久。如果你着急安装，这个速度你可以放心。你大概什么时候想装好？打在公屏我帮你看时间来得及不。,质保3年；平台7天无理由退换（安装后不支持）。,憋单,用快速发货,,2026/02/28,2026/02/28,,"憋单,发货,快,库存,不用等,早买早装",,,,,,
253,30-90,家人买灯送人也可以，送父母送朋友都合适。,你们是送人还是自用？打在公屏我看需求。,家人如果你最近有朋友乔迁、父母家装需要，送灯也很合适。灯具是实用又有寓意的礼物，送人既有面子又实用。你要送礼还是自用？打在公屏我帮你推荐。,质保3年；平台7天无理由退换（安装后不支持）。,憋单,用礼品卡,,2026/02/28,2026/02/28,,"憋单,礼品卡,送礼,父母,乔迁,人情",,,,,,
254,30-90,家人这款颜色很百搭，换装修风格也能继续用，不会过时。,你们喜欢什么颜色的灯？打在公屏我看需求。,家人选灯有个隐藏点：颜色百搭的款式，以后换装修风格不用换灯。你看腻了装修风格，灯还可以继续用，这样更省钱。你更想要什么颜色？打在公屏我给你推荐百搭款。,质保3年；平台7天无理由退换（安装后不支持）。,憋单,用颜色百搭,,2026/02/28,2026/02/28,,"憋单,颜色,百搭,不过时,换风格也能用",,,,,,
255,30-90,家人听我的专业建议，按我配的选，更稳不会翻车。,相信专业的家人把需求打在公屏，我帮你锁定。,家人选灯这件事，听专业的人给建议比你自己研究更靠谱。我帮你配的灯，都是根据你家的实际情况来的：层高、面积、风格、预算都考虑到了。你按我说的选，更稳不会翻车。,质保3年；平台7天无理由退换（安装后不支持）。,憋单,用专业建议,,2026/02/28,2026/02/28,,"憋单,专业,建议,不踩坑,按我说的选,更稳",,,,,,
256,30-90,家人售后有我在，不用你自己扛，我帮你对接处理。,你们售后还有什么担心的吗？打在公屏我说清楚。,家人售后你放心，有我在。后面用着有任何问题，先联系小苏，我帮你对接处理，不会让你一个人面对客服。质保3年，期间有任何问题我都在。这样你买得也安心。,质保3年；平台7天无理由退换（安装后不支持）。,憋单,用售后简单,,2026/02/28,2026/02/28,,"憋单,售后,简单,不麻烦,有我在,帮你处理",,,,,,
260,,,,,,,,,2026/03/02,2026/03/02,,,,,基础信息类,这款多大尺寸？,提供42/48/52英寸等多尺寸，卧室/客厅/餐厅都有对应规格，按空间选更合适。,风扇灯
261,,,,,,,,,2026/03/02,2026/03/02,,,,,基础信息类,适合多大平方？,约10-15㎡选42寸，15-20㎡选48寸，20-30㎡选52寸，仅供参考以户型与喜好为准。,风扇灯
262,,,,,,,,,2026/03/02,2026/03/02,,,,,基础信息类,有几个颜色？,常备黑色/白色/原木三色，可匹配现代、北欧、新中式多风格。,风扇灯
263,,,,,,,,,2026/03/02,2026/03/02,,,,,基础信息类,是吸顶式还是吊杆式？,两种都有；层高低选吸顶，层高高或挑空选吊杆（长短可选）。,风扇灯
264,,,,,,,,,2026/03/02,2026/03/02,,,,,基础信息类,有没有小户型款？,有，主推42寸/纤薄吸顶款，小空间不压层高。,风扇灯
265,,,,,,,,,2026/03/02,2026/03/02,,,,,基础信息类,有黑色/白色/原木色吗？,都有，黑稳重、白百搭、原木更温润自然。,风扇灯
266,,,,,,,,,2026/03/02,2026/03/02,,,,,基础信息类,扇叶是隐藏的吗？,本系列有隐形与外露两版，直播主推隐形伸缩叶，关灯时更简洁。,风扇灯
267,,,,,,,,,2026/03/02,2026/03/02,,,,,基础信息类,这个厚度多少？,吸顶款整体约18cm；吊杆款视杆长约25-35cm，观感轻薄。,风扇灯
268,,,,,,,,,2026/03/02,2026/03/02,,,,,基础信息类,层高2.6米能装吗？,可以，建议吸顶或短吊杆，不压层高。,风扇灯
269,,,,,,,,,2026/03/02,2026/03/02,,,,,基础信息类,这个会压层高吗？,纤薄吸顶款视觉占用小，基本不压层高。,风扇灯
270,,,,,,,,,2026/03/02,2026/03/02,,,,,照明相关问题,几瓦？,主光源约36-60W可选，不同尺寸/版型功率不同。,风扇灯
271,,,,,,,,,2026/03/02,2026/03/02,,,,,照明相关问题,亮度够不够？,卧室客厅都够用，支持变光/调亮度，满足观影到阅读多场景。,风扇灯
272,,,,,,,,,2026/03/02,2026/03/02,,,,,照明相关问题,相当于多少瓦白炽灯？,36W LED约等于300W左右白炽灯亮度（不同环境会有差异）。,风扇灯
273,,,,,,,,,2026/03/02,2026/03/02,,,,,照明相关问题,有三色变光吗？,支持暖黄/中性/正白三色切换。,风扇灯
274,,,,,,,,,2026/03/02,2026/03/02,,,,,照明相关问题,支持无极调光吗？,支持无极调光调色，亮度/色温随心调。,风扇灯
275,,,,,,,,,2026/03/02,2026/03/02,,,,,照明相关问题,会不会刺眼？,侧发光+漫射灯罩，柔和不刺眼，阅读模式也舒适。,风扇灯
276,,,,,,,,,2026/03/02,2026/03/02,,,,,照明相关问题,有频闪吗？,无可视频闪，观看手机慢动作无跳闪。,风扇灯
277,,,,,,,,,2026/03/02,2026/03/02,,,,,照明相关问题,护眼吗？,高显指+稳定恒流，减少蓝光与频闪干扰，更护眼。,风扇灯
278,,,,,,,,,2026/03/02,2026/03/02,,,,,照明相关问题,灯珠是什么牌子的？,采用品牌级2835贴片LED，光效高、衰减低。,风扇灯
279,,,,,,,,,2026/03/02,2026/03/02,,,,,照明相关问题,用久会发黄吗？,抗黄变PC灯罩+优质灯珠，长期使用不易发黄。,风扇灯
280,,,,,,,,,2026/03/02,2026/03/02,,,,,照明相关问题,显色指数多少？,显指Ra≥90，色彩更真实。,风扇灯
281,,,,,,,,,2026/03/02,2026/03/02,,,,,照明相关问题,可以只开灯不开风吗？,可以，灯风分控。,风扇灯
282,,,,,,,,,2026/03/02,2026/03/02,,,,,照明相关问题,可以只开风不开灯吗？,可以，夏夜不刺眼更舒适。,风扇灯
283,,,,,,,,,2026/03/02,2026/03/02,,,,,风力与性能类,风大不大？,直流无刷电机+优化叶形，覆盖更广、风感足且均匀。,风扇灯
284,,,,,,,,,2026/03/02,2026/03/02,,,,,风力与性能类,有几档风速？,6-8档可调，强劲/自然/睡眠多模式。,风扇灯
285,,,,,,,,,2026/03/02,2026/03/02,,,,,风力与性能类,会不会吹得头疼？,可选自然风/睡眠风，柔和不直冲头部。,风扇灯
286,,,,,,,,,2026/03/02,2026/03/02,,,,,风力与性能类,是自然风还是直吹？,两种都有，随场景切换更舒适。,风扇灯
287,,,,,,,,,2026/03/02,2026/03/02,,,,,风力与性能类,能当主风扇用吗？,可以，客厅/卧室主扇皆可胜任。,风扇灯
288,,,,,,,,,2026/03/02,2026/03/02,,,,,风力与性能类,电机是铜芯吗？,全铜芯直流无刷电机，动力强、寿命长、低能耗。,风扇灯
289,,,,,,,,,2026/03/02,2026/03/02,,,,,风力与性能类,是直流电机还是交流电机？,直流无刷，静音省电、调速更细腻。,风扇灯
290,,,,,,,,,2026/03/02,2026/03/02,,,,,风力与性能类,噪音大吗？,低档约20-30dB，夜间安静不扰眠。,风扇灯
291,,,,,,,,,2026/03/02,2026/03/02,,,,,风力与性能类,几分贝？,视档位与环境约20-40dB区间，日常基本听不见。,风扇灯
292,,,,,,,,,2026/03/02,2026/03/02,,,,,风力与性能类,晚上睡觉会不会响？,睡眠档几乎无感，保持安静空气流动。,风扇灯
293,,,,,,,,,2026/03/02,2026/03/02,,,,,风力与性能类,有反转功能吗？,支持正反转，夏天向下送风、冬天反转循环暖空气。,风扇灯
294,,,,,,,,,2026/03/02,2026/03/02,,,,,风力与性能类,冬天能用吗？,能，反转模式减少空调分层更保暖。,风扇灯
295,,,,,,,,,2026/03/02,2026/03/02,,,,,风力与性能类,风会不会晃？,出厂动平衡校准，运行稳定不晃。,风扇灯
296,,,,,,,,,2026/03/02,2026/03/02,,,,,风力与性能类,会不会抖？,多重减震结构，正常安装不抖不串音。,风扇灯
297,,,,,,,,,2026/03/02,2026/03/02,,,,,风力与性能类,扇叶材质是什么？,高韧性ABS一体成型，轻而强韧。,风扇灯
298,,,,,,,,,2026/03/02,2026/03/02,,,,,风力与性能类,扇叶会不会断？,抗冲击耐久度高，正常使用不易断裂。,风扇灯
299,,,,,,,,,2026/03/02,2026/03/02,,,,,智能控制类,带遥控吗？,标配遥控器，灯光/风速/定时一键到位。,风扇灯
300,,,,,,,,,2026/03/02,2026/03/02,,,,,智能控制类,遥控丢了怎么办？,支持补配；智能版可用手机APP/语音控制。,风扇灯
301,,,,,,,,,2026/03/02,2026/03/02,,,,,智能控制类,支持手机APP吗？,支持，远程调光调风更便捷。,风扇灯
302,,,,,,,,,2026/03/02,2026/03/02,,,,,智能控制类,支持小爱同学吗？,智能版支持，绑定后可语音控制开关/档位。,风扇灯
303,,,,,,,,,2026/03/02,2026/03/02,,,,,智能控制类,支持天猫精灵吗？,支持智能生态联动，语音可控。,风扇灯
304,,,,,,,,,2026/03/02,2026/03/02,,,,,智能控制类,支持米家吗？,智能版可接入对应平台，具体以所拍型号为准。,风扇灯
305,,,,,,,,,2026/03/02,2026/03/02,,,,,智能控制类,支持语音控制吗？,支持，语音开关灯/调风/定时更方便。,风扇灯
306,,,,,,,,,2026/03/02,2026/03/02,,,,,智能控制类,可以定时吗？,可定时关灯关风，入睡更省心。,风扇灯
307,,,,,,,,,2026/03/02,2026/03/02,,,,,智能控制类,有睡眠模式吗？,有，低噪细风，整夜舒适。,风扇灯
308,,,,,,,,,2026/03/02,2026/03/02,,,,,智能控制类,可以记忆上次设置吗？,支持断电记忆，常用模式一键恢复。,风扇灯
309,,,,,,,,,2026/03/02,2026/03/02,,,,,安装类,安装复杂吗？,标准两线接入，按说明/视频即可完成，流程清晰。,风扇灯
310,,,,,,,,,2026/03/02,2026/03/02,,,,,安装类,需要打孔吗？,吊装需打孔并用膨胀螺丝或预埋件固定，更稳固。,风扇灯
311,,,,,,,,,2026/03/02,2026/03/02,,,,,安装类,普通电工能装吗？,能，家装电工按说明即可安装。,风扇灯
312,,,,,,,,,2026/03/02,2026/03/02,,,,,安装类,需要单独布线吗？,不需要，灯风一体化控制，原照明位即可。,风扇灯
313,,,,,,,,,2026/03/02,2026/03/02,,,,,安装类,家里只有一个灯线能装吗？,可以，一火一零即可，遥控/APP分控灯风。,风扇灯
314,,,,,,,,,2026/03/02,2026/03/02,,,,,安装类,需要留风扇线吗？,不需要，原灯位即可替换。,风扇灯
315,,,,,,,,,2026/03/02,2026/03/02,,,,,安装类,层高2.5米能不能装？,可装，优先选吸顶或短杆款不压层高。,风扇灯
316,,,,,,,,,2026/03/02,2026/03/02,,,,,安装类,石膏板吊顶可以装吗？,可以，需在龙骨/加固板位置固定，安全承重。,风扇灯
317,,,,,,,,,2026/03/02,2026/03/02,,,,,安装类,混凝土顶可以装吗？,可以，膨胀螺栓固定更牢靠。,风扇灯
318,,,,,,,,,2026/03/02,2026/03/02,,,,,安装类,自己能装吗？,有动手基础可按视频自装，建议两人配合更安全。,风扇灯
319,,,,,,,,,2026/03/02,2026/03/02,,,,,安装类,有安装视频吗？,有，拍下后提供安装视频与说明。,风扇灯
320,,,,,,,,,2026/03/02,2026/03/02,,,,,安装类,提供上门安装吗？,支持预约上门（以当地服务覆盖为准）。,风扇灯
321,,,,,,,,,2026/03/02,2026/03/02,,,,,安装类,安装费多少？,按地区/难度定价，下单后可报备参考价。,风扇灯
322,,,,,,,,,2026/03/02,2026/03/02,,,,,安装类,重量多少？,约6-10kg（含灯体），不同尺寸略有差异。,风扇灯
323,,,,,,,,,2026/03/02,2026/03/02,,,,,安装类,会不会掉下来？,按规范安装受力≥30kg，长期稳固不脱落。,风扇灯
324,,,,,,,,,2026/03/02,2026/03/02,,,,,安装类,承重要求多少？,建议≥30kg承重能力，确保基材牢靠。,风扇灯
325,,,,,,,,,2026/03/02,2026/03/02,,,,,安全类问题,会不会掉？,结构多重防护+牢靠固定，规范安装不会掉落。,风扇灯
326,,,,,,,,,2026/03/02,2026/03/02,,,,,安全类问题,小孩安全吗？,隐形叶收拢不外露，高位安装不触及，安全性高。,风扇灯
327,,,,,,,,,2026/03/02,2026/03/02,,,,,安全类问题,扇叶会打到人吗？,安装在天花高位，正常使用不会触碰到人。,风扇灯
328,,,,,,,,,2026/03/02,2026/03/02,,,,,安全类问题,会不会漏电？,接地/绝缘/过载保护齐全，正规接线安全放心。,风扇灯
329,,,,,,,,,2026/03/02,2026/03/02,,,,,安全类问题,有3C认证吗？,符合国家标准，具备相关认证（以实际型号为准）。,风扇灯
330,,,,,,,,,2026/03/02,2026/03/02,,,,,安全类问题,防火吗？,阻燃材料与电路保护，多重防护更安心。,风扇灯
331,,,,,,,,,2026/03/02,2026/03/02,,,,,安全类问题,电压多少？,AC 220V，家用标准电压。,风扇灯
332,,,,,,,,,2026/03/02,2026/03/02,,,,,安全类问题,会不会过热？,电机/驱动过热保护，长时间运行稳定。,风扇灯
333,,,,,,,,,2026/03/02,2026/03/02,,,,,安全类问题,停电后会自动启动吗？,通电默认保持关机/上次记忆，可避免误启。,风扇灯
334,,,,,,,,,2026/03/02,2026/03/02,,,,,质量与耐用性,质保多久？,整灯质保3年，详见保修卡。,风扇灯
335,,,,,,,,,2026/03/02,2026/03/02,,,,,质量与耐用性,电机保多久？,电机延长质保（如5-10年），长期稳定更安心。,风扇灯
336,,,,,,,,,2026/03/02,2026/03/02,,,,,质量与耐用性,灯珠寿命多久？,额定寿命约30000-50000小时，耐久抗衰减。,风扇灯
337,,,,,,,,,2026/03/02,2026/03/02,,,,,质量与耐用性,用几年会坏？,正常使用多年无忧，如有故障支持配件更换。,风扇灯
338,,,,,,,,,2026/03/02,2026/03/02,,,,,质量与耐用性,坏了能修吗？,支持维修与配件更换，售后响应快。,风扇灯
339,,,,,,,,,2026/03/02,2026/03/02,,,,,质量与耐用性,有配件卖吗？,遥控器/驱动/灯罩/扇叶等均可单配。,风扇灯
340,,,,,,,,,2026/03/02,2026/03/02,,,,,质量与耐用性,容易坏吗？,直流电机寿命长，故障率低，用料扎实更耐用。,风扇灯
341,,,,,,,,,2026/03/02,2026/03/02,,,,,质量与耐用性,之前买的别家半年就坏了，这个会吗？,电机与驱动用料更高，质保完善，稳定性有保证。,风扇灯
342,,,,,,,,,2026/03/02,2026/03/02,,,,,对比类问题,和某某品牌有什么区别？,同级核心配置下，我们强调直供性价比与售后响应速度。,风扇灯
343,,,,,,,,,2026/03/02,2026/03/02,,,,,对比类问题,为什么比XX便宜？,源头供应链/规模化生产/直播让利，价格更有优势。,风扇灯
344,,,,,,,,,2026/03/02,2026/03/02,,,,,对比类问题,为什么比XX贵？,用料/电机/驱动/灯珠等级更高，功能更全、质保更长。,风扇灯
345,,,,,,,,,2026/03/02,2026/03/02,,,,,对比类问题,直流电机和交流电机区别？,直流更省电更静音、调速细腻；交流成本低噪音相对大。,风扇灯
346,,,,,,,,,2026/03/02,2026/03/02,,,,,对比类问题,隐藏式和外露式哪个好？,隐形美观不积灰；外露风感更直接，按喜好选。,风扇灯
347,,,,,,,,,2026/03/02,2026/03/02,,,,,对比类问题,和普通风扇哪个凉快？,覆盖更均匀、风道更柔和，体感更舒适不直冲。,风扇灯
348,,,,,,,,,2026/03/02,2026/03/02,,,,,对比类问题,和空调比哪个省电？,风扇灯更省电；搭配空调可提效降耗更省钱。,风扇灯
349,,,,,,,,,2026/03/02,2026/03/02,,,,,对比类问题,你们是工厂吗？,与源头工厂深度合作，标准化生产与质检；正品保障。,风扇灯
350,,,,,,,,,2026/03/02,2026/03/02,,,,,对比类问题,是贴牌的吗？,正规供应链，品牌授权/自有款式均有，售后齐全。,风扇灯
351,,,,,,,,,2026/03/02,2026/03/02,,,,,对比类问题,是品牌货吗？,正品保障，支持验货与售后联保（以型号为准）。,风扇灯
352,,,,,,,,,2026/03/02,2026/03/02,,,,,价格与活动,最低多少钱？,以直播间实时到手价为准，活动期直降更划算。,风扇灯
353,,,,,,,,,2026/03/02,2026/03/02,,,,,价格与活动,还能优惠吗？,有满减/加购礼/套装价等，咨询主播享专属福利。,风扇灯
354,,,,,,,,,2026/03/02,2026/03/02,,,,,价格与活动,现在拍有赠品吗？,部分款赠安装辅材/延保等，详见直播间公告。,风扇灯
355,,,,,,,,,2026/03/02,2026/03/02,,,,,价格与活动,有满减吗？,有，叠券更省，结算页可见。,风扇灯
356,,,,,,,,,2026/03/02,2026/03/02,,,,,价格与活动,什么时候结束？,限时活动，库存与倒计时为准，错过恢复日常价。,风扇灯
357,,,,,,,,,2026/03/02,2026/03/02,,,,,价格与活动,会不会再便宜？,活动价已到底，错过不保价。,风扇灯
358,,,,,,,,,2026/03/02,2026/03/02,,,,,价格与活动,有分期吗？,支持平台花呗/信用卡分期（以平台为准）。,风扇灯
359,,,,,,,,,2026/03/02,2026/03/02,,,,,价格与活动,包邮吗？,大部分地区包邮，偏远区域按平台规则补差。,风扇灯
360,,,,,,,,,2026/03/02,2026/03/02,,,,,价格与活动,偏远地区发吗？,可发，运费/时效以平台为准。,风扇灯
361,,,,,,,,,2026/03/02,2026/03/02,,,,,价格与活动,今天是最低价吗？,今天直播间给到周期低价，建议现在入手。,风扇灯
362,,,,,,,,,2026/03/02,2026/03/02,,,,,物流问题,几天发货？,现货48小时内发，定制/缺货顺延并通知。,风扇灯
363,,,,,,,,,2026/03/02,2026/03/02,,,,,物流问题,从哪里发？,就近仓优先发出，缩短时效。,风扇灯
364,,,,,,,,,2026/03/02,2026/03/02,,,,,物流问题,顺丰吗？,默认优选快递，急件可补差升级（以地区为准）。,风扇灯
365,,,,,,,,,2026/03/02,2026/03/02,,,,,物流问题,会不会压坏？,加厚防震包装，内支架固定，破损包赔。,风扇灯
366,,,,,,,,,2026/03/02,2026/03/02,,,,,物流问题,包装结实吗？,外箱+内衬+防护角，抗压抗震更稳妥。,风扇灯
367,,,,,,,,,2026/03/02,2026/03/02,,,,,物流问题,破损怎么处理？,签收48小时内拍照反馈，补发/退换妥善处理。,风扇灯
368,,,,,,,,,2026/03/02,2026/03/02,,,,,物流问题,新疆/西藏能发吗？,可发，时效与运费按平台规则。,风扇灯
369,,,,,,,,,2026/03/02,2026/03/02,,,,,退换售后,不喜欢能退吗？,支持7天无理由（未安装不影响二次销售）。,风扇灯
370,,,,,,,,,2026/03/02,2026/03/02,,,,,退换售后,安装了还能退吗？,安装视为使用，非质量问题不支持无理由，质量问题按保修处理。,风扇灯
371,,,,,,,,,2026/03/02,2026/03/02,,,,,退换售后,坏了谁承担运费？,质量问题来回运费由商家承担，非质量由买家承担。,风扇灯
372,,,,,,,,,2026/03/02,2026/03/02,,,,,退换售后,退货要自己拆吗？,可联系售后指导，必要时安排师傅上门（以地区为准）。,风扇灯
373,,,,,,,,,2026/03/02,2026/03/02,,,,,退换售后,有上门维修吗？,支持预约上门/寄修，按城市覆盖执行。,风扇灯
374,,,,,,,,,2026/03/02,2026/03/02,,,,,退换售后,保修范围是什么？,电机/驱动/灯珠等非人为损坏按保修执行。,风扇灯
375,,,,,,,,,2026/03/02,2026/03/02,,,,,退换售后,人为损坏保吗？,不在保修范围，可付费维修/配件更换。,风扇灯
376,,,,,,,,,2026/03/02,2026/03/02,,,,,退换售后,售后找谁？,直接联系本店客服/平台售后入口，响应快速。,风扇灯
377,,,,,,,,,2026/03/02,2026/03/02,,,,,特殊场景问题,可以装在斜顶吗？,可，配斜顶底座（支持一定角度范围）更稳固。,风扇灯
378,,,,,,,,,2026/03/02,2026/03/02,,,,,特殊场景问题,可以装阳台吗？,可，建议干燥通风区使用。,风扇灯
379,,,,,,,,,2026/03/02,2026/03/02,,,,,特殊场景问题,可以装餐厅吗？,可，配合餐桌送风更舒适。,风扇灯
380,,,,,,,,,2026/03/02,2026/03/02,,,,,特殊场景问题,可以装卫生间吗？,不建议湿区，防水等级不足，易受潮。,风扇灯
381,,,,,,,,,2026/03/02,2026/03/02,,,,,特殊场景问题,防水吗？,室内干区使用为主，非户外防水规格。,风扇灯
382,,,,,,,,,2026/03/02,2026/03/02,,,,,特殊场景问题,商用可以吗？,可用于民宿/门店/书吧等，节能耐用。,风扇灯
383,,,,,,,,,2026/03/02,2026/03/02,,,,,特殊场景问题,适合民宿吗？,适合，高颜值低能耗，体验更好。,风扇灯
384,,,,,,,,,2026/03/02,2026/03/02,,,,,特殊场景问题,适合复式吗？,复式可选吊杆款，风感覆盖更广。,风扇灯
385,,,,,,,,,2026/03/02,2026/03/02,,,,,极端挑刺类,会不会生锈？,多重防腐涂层+密封轴承，日常环境不易锈蚀。,风扇灯
386,,,,,,,,,2026/03/02,2026/03/02,,,,,极端挑刺类,会不会掉漆？,耐刮涂层，正常清洁不易掉漆。,风扇灯
387,,,,,,,,,2026/03/02,2026/03/02,,,,,极端挑刺类,会不会晃？,动平衡+防松结构，规范安装稳定不晃。,风扇灯
388,,,,,,,,,2026/03/02,2026/03/02,,,,,极端挑刺类,会不会积灰？,隐形叶收拢更不易积灰，日常一擦即净。,风扇灯
389,,,,,,,,,2026/03/02,2026/03/02,,,,,极端挑刺类,怎么清洁？,断电后软布/除尘掸轻拂，灯罩可拆洗（按说明）。,风扇灯
390,,,,,,,,,2026/03/02,2026/03/02,,,,,极端挑刺类,会不会影响邻居？,低噪静音，不扰民。,风扇灯
391,,,,,,,,,2026/03/02,2026/03/02,,,,,极端挑刺类,电费贵吗？,直流电机约6-35W，全天低档运行电费仅几毛钱。,风扇灯
392,,,,,,,,,2026/03/02,2026/03/02,,,,,极端挑刺类,真的静音吗？,核心在直流无刷+流体叶形，夜间几乎无感。,风扇灯
393,,,,,,,,,2026/03/02,2026/03/02,,,,,极端挑刺类,你敢保证不坏吗？,任何电器都有故障概率，我们用更高配置+长质保把风险降到最低。,风扇灯
394,,,,,,,,,2026/03/02,2026/03/02,,,,,极端挑刺类,直播间能买吗？靠谱吗？,平台质检+正品保障+售后无忧，放心购。,风扇灯
395,,,,,,,,,2026/03/02,2026/03/02,,,,,成交犹豫型问题,真的值得买吗？,一灯多用/四季可用/省电静音，长期性价比更高。,风扇灯
396,,,,,,,,,2026/03/02,2026/03/02,,,,,成交犹豫型问题,现在买划算吗？,直播期让利+赠品/满减叠加，性价比窗口期。,风扇灯
397,,,,,,,,,2026/03/02,2026/03/02,,,,,成交犹豫型问题,等618会更便宜吗？,大促不确定，当前价已很到位，错过不保价。,风扇灯
398,,,,,,,,,2026/03/02,2026/03/02,,,,,成交犹豫型问题,会不会后悔？,颜值/风感/照明三合一，装过的都说提升明显。,风扇灯
399,,,,,,,,,2026/03/02,2026/03/02,,,,,成交犹豫型问题,你家销量多少？,持续热销，具体以商品页实时数据为准。,风扇灯
400,,,,,,,,,2026/03/02,2026/03/02,,,,,成交犹豫型问题,有没有买家秀？,有，详情页与评论区可查看真实买家秀。,风扇灯
401,,,,,,,,,2026/03/02,2026/03/02,,,,,成交犹豫型问题,差评多不多？,整体好评率高，个别问题我们都会积极处理。,风扇灯
402,,,,,,,,,2026/03/02,2026/03/02,,,,,突发直播常见弹幕,链接在哪？,商品卡已置顶/橱窗可见，点进选择对应规格即可。,风扇灯
403,,,,,,,,,2026/03/02,2026/03/02,,,,,突发直播常见弹幕,1号和2号区别？,尺寸/颜色/是否智能版不同，风量与功能各有差异。,风扇灯
404,,,,,,,,,2026/03/02,2026/03/02,,,,,突发直播常见弹幕,有没有更大的？,有52寸/更大规格，适合大客厅/挑高空间。,风扇灯
405,,,,,,,,,2026/03/02,2026/03/02,,,,,突发直播常见弹幕,有没有更便宜的？,有基础版可选，核心功能齐全更实惠。,风扇灯
406,,,,,,,,,2026/03/02,2026/03/02,,,,,突发直播常见弹幕,没听清再说一遍,稍后复述重点参数，并展示商品页要点给你看。,风扇灯
407,,,,,,,,,2026/03/02,2026/03/02,,,,,突发直播常见弹幕,有库存吗？,活动备货充足，具体以页面库存为准。,风扇灯
408,,,,,,,,,2026/03/02,2026/03/02,,,,,突发直播常见弹幕,没抢到 还有吗？,及时补货，关注商品卡或私信客服登记。,风扇灯
409,,,,,,,,,2026/03/02,2026/03/02,,,,,基础知识,色温怎么选？,按空间定：2700-3000K（暖白）更温馨放松，适合卧室/餐厅；3500-4000K（中性）百搭耐看，适合客厅/走廊；5000-6500K（冷白）清爽提神，适合厨房/书房。建议同一空间色温统一，避免“冷暖打架”，在需要变换氛围的场景用可调色温更灵活。,
410,,,,,,,,,2026/03/02,2026/03/02,,,,,基础知识,显色指数（CRI）选多少合适？,优先选择Ra≥90，食物更诱人、肤色更自然，家居材质更真实。若对色彩要求更高，可关注R9（红色）等单项指标，Ra≥95/R9高的光更“通透”，尤其餐桌/镜前灯更有价值。,
411,,,,,,,,,2026/03/02,2026/03/02,,,,,基础知识,买灯看瓦数还是看流明？,看流明更准。瓦数是耗电，流明才是亮度。同样功率不同光效差异可达30%+；家用光效90-120 lm/W算不错。估算时先定照度目标（lx）×面积（㎡）≈所需总流明，再结合层高与损耗加20-30%余量。,
412,,,,,,,,,2026/03/02,2026/03/02,,,,,基础知识,为什么要重视防眩？,防眩能减少刺眼与疲劳，提高舒适度。看参数与结构：深杯/蜂窝/防眩圈/侧发光/UGR优化等都有效；目光扫过不见灯珠或光源“温柔不刺”，长时间更舒服，尤其客厅观影区、卧室和儿童房要优先。,
413,,,,,,,,,2026/03/02,2026/03/02,,,,,基础知识,如何避免频闪伤眼？,选择标注“无频闪/低频闪”的驱动电源；手机相机慢动作对着灯看是否有黑色条纹判断。阅读/学习位、镜前灯、书房与儿童房尽量用无频闪；驱动异常须及时更换。,
414,,,,,,,,,2026/03/02,2026/03/02,,,,,灯具类型,吸顶灯怎么选？,优点是通用不挑层高，现代户型首选。看三点：1）护眼扩散罩+好驱动，光更均匀；2）显指Ra≥90；3）别一味追求极限超薄，容易眩光。中性光3500-4000K更耐看，卧室可偏暖白。,
415,,,,,,,,,2026/03/02,2026/03/02,,,,,灯具类型,吊灯安装有什么要点？,餐桌/吧台/玄关适配度高。餐桌灯底离桌面约65-75cm，显脸小饭更香；色温建议2700-3000K，显指90+拍照更好看。高度可调与配重结构更易适配不同桌型与人群身高。,
416,,,,,,,,,2026/03/02,2026/03/02,,,,,灯具类型,筒灯与射灯如何分工？,筒灯做“打底霜”均匀铺光，射灯做“化妆师”打重点（画作、绿植、摆件）。光束角15°/24°/36°：窄角突出主体、广角柔和过渡；可调角度更灵活，做墙洗光很出片。,
417,,,,,,,,,2026/03/02,2026/03/02,,,,,灯具类型,轨道灯/磁吸系统值不值得？,“后悔药”型方案：轨道位置固定但灯头可移动/替换，布局可微调。低压磁吸系统更安全、扩展性强，线性灯/筒灯/射灯/吊线灯随插随换；适合无主灯与喜好折腾的用户。,
418,,,,,,,,,2026/03/02,2026/03/02,,,,,灯具类型,灯带怎么用才高级？,灯带是氛围光，不是主照明。做踢脚线、吊顶槽、电视背光、柜内层板，选高密灯珠+铝型材+扩散罩，避免点点珠影；餐厅/卧室偏暖白更松弛，客厅周界用中性光提层次。,
419,,,,,,,,,2026/03/02,2026/03/02,,,,,灯具类型,台灯/落地灯如何搭配？,台灯选护眼款并配3000-4000K，阅读更舒适；落地灯放沙发旁，做阅读角或观影辅光。有无极调光/调色更好，能随情绪与时间段精细调节。,
420,,,,,,,,,2026/03/02,2026/03/02,,,,,灯具类型,壁灯如何点睛？,过道/床头/玄关补光神器。选上下出光或背光款，墙面层次立马起来；卧室床头建议低眩光、显指高，开到微亮也不刺眼，适合睡前阅读。,
421,,,,,,,,,2026/03/02,2026/03/02,,,,,空间搭配,客厅如何搭层次？,方案：主照明（吸顶或无主灯）+ 筒/射叠加 + 落地灯 + 背景灯带；色温3500-4000K、显指90+。电视墙建议做背光，观影更舒适；沙发一侧放落地灯，兼顾阅读与氛围。,
422,,,,,,,,,2026/03/02,2026/03/02,,,,,空间搭配,餐厅怎么让人和菜都好看？,主灯+吊灯为重点，吊灯离桌65-75cm、色温2700-3000K、显指90+优先。若桌面较长可用长条线性灯或多头排列，光均匀、人面更细腻，拍照更稳定。,
423,,,,,,,,,2026/03/02,2026/03/02,,,,,空间搭配,卧室如何更松弛？,主灯柔和为先，搭配床头壁灯/台灯、床底感应与衣柜灯带。色温2700-3000K，睡前可调更暖；避免床正上方直射；有起夜需求的做低位感应灯更贴心。,
424,,,,,,,,,2026/03/02,2026/03/02,,,,,空间搭配,厨房怎样避免影子挡刀口？,顶灯+橱柜下灯带照到操作台面，色温4000-5000K、显指90+、无频闪。仅装顶灯常被身体投影遮挡，务必加台面直下补光，切菜更安全。,
425,,,,,,,,,2026/03/02,2026/03/02,,,,,空间搭配,卫生间如何分区照明？,顶灯+镜前灯（显指90+）+ 夜灯。色温3500-4000K更真实；干湿分区的灯具要看IP防水等级：淋浴区优先IP65，其他区域至少IP44，驱动与连接处做好防潮。,
426,,,,,,,,,2026/03/02,2026/03/02,,,,,空间搭配,玄关/走廊怎么提氛围？,使用感应灯与壁洗光，进门即亮更体贴；玄关柜底做一条暖白灯带，回家第一眼就温柔。走廊间隔布灯，墙面挂画配射灯，空间立刻“有故事”。,
427,,,,,,,,,2026/03/02,2026/03/02,,,,,空间搭配,书房光线如何布？,均匀面光为主，配一盏高显指台灯做阅读窄区；色温约4000K不困不燥。背景弱光能减轻屏幕反射与对比度疲劳，长时间办公更舒适。,
428,,,,,,,,,2026/03/02,2026/03/02,,,,,空间搭配,儿童房有哪些要点？,低眩光主灯+学习台灯+夜灯。白天4000K提升专注，睡前3000K助眠；尽量低蓝光、无频闪，灯珠不裸露，保证眩光控制与安全。,
429,,,,,,,,,2026/03/02,2026/03/02,,,,,计算与照度,20㎡客厅需要多少流明？,基础照度目标150-200lx，按180lx×20㎡≈3600lm；考虑遮挡/反射等损耗，再加20-30%余量，主照明建议4500-5000lm，然后用射灯/灯带做层次与重点。,
430,,,,,,,,,2026/03/02,2026/03/02,,,,,计算与照度,12㎡卧室需要多少流明？,目标100-150lx，按120lx×12㎡≈1440lm，建议选1800-2200lm的主灯，床头台灯/壁灯补充“睡前阅读区”，整体更柔和。,
431,,,,,,,,,2026/03/02,2026/03/02,,,,,计算与照度,厨房操作台照度要多少？,操作台目标300-500lx。用橱柜下灯带+局部筒灯，确保光打在手和刀口上方，避免自身投影；显指≥90、无频闪，切菜配色更准确。,
432,,,,,,,,,2026/03/02,2026/03/02,,,,,安装与位置,吊灯离桌面多少最合适？,约65-75cm，多数人群面部光影更立体、眩光更低；长桌可用多头或线性吊灯保证照度均匀。,
433,,,,,,,,,2026/03/02,2026/03/02,,,,,安装与位置,床头壁灯装多高？,离床面约90-120cm，光源避开直射眼睛；选择可调角度或带柔光结构，阅读更舒适，伴侣不被打扰。,
434,,,,,,,,,2026/03/02,2026/03/02,,,,,安装与位置,落地灯高度/位置怎么选？,灯罩上缘略高于坐姿视线，避免直视光源；置于沙发一侧或后侧45°角，既能阅读也能做氛围补光。,
435,,,,,,,,,2026/03/02,2026/03/02,,,,,选购避坑,买灯前看哪些硬指标？,四看：1）显指CRI≥90；2）光效≥90lm/W；3）驱动标注无频闪/低频闪；4）防眩设计（深杯/蜂窝/侧发光/UGR）。此外看质保年限与可换模块，后期维护成本更低。,
436,,,,,,,,,2026/03/02,2026/03/02,,,,,选购避坑,灯带施工有哪些讲究？,别裸贴，选铝型材+扩散罩，提升散热与光均匀度；转角与开合处留维护余量；柜内灯带注意遮光与走线隐藏，避免直视灯珠造成刺眼。,
437,,,,,,,,,2026/03/02,2026/03/02,,,,,风格搭配,现代简约怎么配灯更干净？,窄边吸顶、线性灯、磁吸轨道做基础；用少量射灯打物件与墙面，减少杂乱灯型；色温统一在3500-4000K，空间更克制高级。,
438,,,,,,,,,2026/03/02,2026/03/02,,,,,风格搭配,法式/奶油风如何更有氛围？,金属/玻璃小吊灯+壁灯，边界用暖白灯带轻勾一圈；显指要高，肤色与餐食更好看；台灯/落地灯用织物/磨砂灯罩更柔。,
439,,,,,,,,,2026/03/02,2026/03/02,,,,,风格搭配,新中式怎么突出器物感？,木质/布艺灯罩营造温润，配少量射灯打字画与器物；色温偏暖（2700-3000K），墙体留出洗墙面，空间更沉静。,
440,,,,,,,,,2026/03/02,2026/03/02,,,,,风格搭配,欧美工业风如何平衡“硬朗”与舒适？,可用黑色轨道灯/可见光源复古灯泡做造型，但务必加防眩/扩散，避免直刺眼；工作区补充中性光，提高实用度。,
441,,,,,,,,,2026/03/02,2026/03/02,,,,,流行趋势,为什么“无主灯+磁吸”这么火？,灵活、可扩展、可演进：前期只装轨道，后期随需插模块，空间更新成本低。配合场景化控制（观影/阅读/会客）可一键切换，体验非常好。,
442,,,,,,,,,2026/03/02,2026/03/02,,,,,流行趋势,全屋智能场景怎么用才不鸡肋？,从高频需求入手：回家/起夜/观影/清扫模式；开关、手机、语音多入口；选主流生态（如支持Matter/Thread）提高兼容性与稳定性，家人上手门槛更低。,
443,,,,,,,,,2026/03/02,2026/03/02,,,,,流行趋势,高显色“健康光”值得吗？,值得在关键位投入：餐桌、镜前、学习位。Ra≥95、R9高，人脸与食物观感显著提升；拍照更稳，不易偏色。,
444,,,,,,,,,2026/03/02,2026/03/02,,,,,流行趋势,可变色温有什么实际好处？,白天偏冷白提神，晚上暖白助眠；季节与情绪都能匹配。与人体节律联动的“日光模式”可缓解久居室内的光环境单调。,
445,,,,,,,,,2026/03/02,2026/03/02,,,,,常见问题,层高2.6m要不要做无主灯？,可以做，但别铺得太密。用低眩筒灯做基础，再加少量射灯做重点，边界加灯带提层次；控制总亮度与眩光，观影与休息更舒适。,
446,,,,,,,,,2026/03/02,2026/03/02,,,,,常见问题,餐桌圆桌配几头吊灯更合适？,直径＜90cm：单头或三头小吊灯；直径＞90cm：多头或长条线性灯。无论几头，高度离桌65-75cm、显指90+、色温2700-3000K是关键，人物与菜品更好看。,
447,,,,,,,,,2026/03/02,2026/03/02,,,,,常见问题,智能灯会不会很麻烦？,现在操作很傻瓜，手机/语音/传统墙面开关都能用；建议选主流生态与稳定网关，做“回家/起夜/观影”等高频场景，一次设置长期省心。,
448,,,,,,,,,2026/03/02,2026/03/02,,,,,保养与安全,灯具如何日常保养？,每季度擦拭灯罩与散热片，亮度能“回血”；厨房油污重的区域建议半年深度清洁一次。若出现频闪/噪声等异常，及时更换驱动或检修，避免长期视觉疲劳。,
449,,,,,,,,,2026/03/02,2026/03/02,,,,,保养与安全,儿童房/床头如何更安全？,优先低眩光与封闭光源结构，避免灯珠裸露直视；选择无频闪驱动、显指高的光源；夜灯用低位弱光与感应，起夜不扰人也更安全。,
450,,,,,,,,,2026/03/02,2026/03/02,,,,,,,,
